Drilling_Company_ID,Company_Name,Street_Address,City,Province,Country,Postal_Code,e_Mail,Is_Active_Flag,Starting_Well_ID,Ending_Well_ID,Last_Well_ID_Used
1,"ALBERTA ENVIRONMENT","9820-106 ST","EDMONTON","ALBERTA","CANADA","T5K 2J6","gwinfo@gov.ab.ca",0,9661000,9665999,9000010
3,"QUIGG GEORGE",,,,,,,0,,,
4,"PERMTON SUPLIES",,,,,,,0,,,
6,"UNITY SERVICES",,,,,,,0,,,
9,"DOUBLE E",,,,,,,0,,,
10,"KREYE ROY",,,,,,,0,,,
11,"CYCLONE EXPLORATIONS",,,,,,,0,,,
12,"FORMOST DRLG",,,,,,,0,,,
13,"RAINBOW DRILLING","BOX 205","INISFREE","AB","CA","T0B 2G0","gwinfo@gov.ab.ca",0,1620000,1624999,1620002
14,"WATERTON DRLG",,,,,,,0,,,
15,"RUTTAN DON H",,,,,,,0,,,
16,"TEE KAI DRLG",,,,,,,0,,,
17,"MIDLAND DRLG",,,,,,,0,,,
18,"RELIABLE DRLG",,,,,,,0,,,
19,"KINSLEY DRLG",,,,,,,0,,,
20,"MEDHURST J L",,,,,,,0,,,
22,"LEISMEISTER G",,,,,,,0,,,
23,"AKERSTROM BROS",,,,,,,0,,,
24,"LAWS & BYRT",,,,,,,0,,,
25,"FORMATION",,,,,,,0,,,
26,"FORTUNE JACK",,,,,,,0,,,
27,"CULVER BARRY",,,,,,,0,,,
28,"COMBINATION DRLG",,,,,,,0,,,
29,"JOHNSON V E",,,,,,,0,,,
30,"THOMPSON DEWEY",,,,,,,0,,,
31,"BEFUS TED",,,,,,,0,,,
32,"VOLK KEN",,,,,,,0,,,
34,"GRANLIN LOWELL",,,,,,,0,,,
35,"HUB CITY DRLG",,,,,,,0,,,
36,"ALPINE DRLG",,,,,,,0,,,
37,"KENNEDY DAVID",,,,,,,0,,,
38,"SNIDER RALPH",,,,,,,0,,,
39,"PALM J E",,,,,,,0,,,
40,"FARLEY JACK",,,,,,,0,,,
42,"F&D DRLG",,,,,,,0,,,
43,"DAVIDSON BROS",,,,,,,0,,,
46,"VOLB J",,,,,,,0,,,
47,"OLSTAD HARLAND",,,,,,,0,,,
48,"R&P DRLG",,,,,,,0,,,
49,"COOPER VERN",,,,,,,0,,,
51,"SMITH R O",,,,,,,0,,,
52,"ENOCH CARL L",,,,,,,0,,,
55,"AIZZIER BROS",,,,,,,0,,,
57,"ALBRIGHT LOUIS",,,,,,,0,,,
58,"ALYEA ERWIN",,,,,,,0,,,
61,"ART&LEO WELL BORING",,,,,,,0,,,
63,"AURORA DRLG",,,,,,,0,,,
67,"BAKKEN S",,,,,,,0,,,
69,"BARR ALBERT",,,,,,,0,,,
70,"BECHJOLD CHARLIE",,,,,,,0,,,
74,"BENSON J",,,,,,,0,,,
78,"BETA WELL SERV",,,,,,,0,,,
80,"BOETTGER HARRY",,,,,,,0,,,
81,"BOHACHYK NICK",,,,,,,0,,,
82,"BORLE G",,,,,,,0,,,
85,"BREADNER ROB K",,,,,,,0,,,
86,"BRISCOE LESLIE",,,,,,,0,,,
87,"BROWN BUSTER",,,,,,,0,,,
89,"BROWNELL",,,,,,,0,,,
91,"CAMPBELL LEROY",,,,,,,0,,,
92,"CAMPBELL LINE T",,,,,,,0,,,
94,"CARLSON DAVID",,,,,,,0,,,
95,"CARON L E",,,,,,,0,,,
98,"CHRISTIANSON C",,,,,,,0,,,
99,"CLAYDON DRLG",,,,,,,0,,,
100,"CORNELSSEN EARL",,,,,,,0,,,
103,"CURTIS TEST LAB",,,,,,,0,,,
105,"DAIL ROBERT",,,,,,,0,,,
106,"DANBERGER C",,,,,,,0,,,
107,"DAVIS RONALD",,,,,,,0,,,
109,"DESNOYER RENE",,,,,,,0,,,
111,"DIAL ROBERT",,,,,,,0,,,
112,"DIETZ BROS",,,,,,,0,,,
117,"DOWNEY GORDON B",,,,,,,0,,,
119,"E&R DRLG",,,,,,,0,,,
120,"EAGLE DRLG",,,,,,,0,,,
121,"JONES A O",,,,,,,0,,,
123,"ELLEFSON EUGENE",,,,,,,0,,,
125,"ERICKSON ERNFRED",,,,,,,0,,,
126,"F&L DRLG",,,,,,,0,,,
128,"FORESTER E",,,,,,,0,,,
129,"FORESTER WM",,,,,,,0,,,
130,"FORRESTER ROBERT",,,,,,,0,,,
132,"FOSSUM HENRI",,,,,,,0,,,
133,"FOSTER DRLG CO",,,,,,,0,,,
134,"FOX HOWARD",,,,,,,0,,,
140,"GARDNER WILLIAM",,,,,,,0,,,
141,"GAY C B",,,,,,,0,,,
144,"GRAHAM L J",,,,,,,0,,,
147,"HALLADAY VERNON",,,,,,,0,,,
149,"HALVORSON ROY R",,,,,,,0,,,
150,"HANSEN MARLEN",,,,,,,0,,,
151,"HATHERTON",,,,,,,0,,,
152,"HAYWOOD BOB",,,,,,,0,,,
153,"HECK A R",,,,,,,0,,,
154,"HENDERSON F J",,,,,,,0,,,
155,"HENDERSON J A",,,,,,,0,,,
156,"HISEY R",,,,,,,0,,,
158,"HOLLINGSWORTH",,,,,,,0,,,
159,"HOLM G E",,,,,,,0,,,
162,"INGLIS WW",,,,,,,0,,,
163,"IRWIN ROBERT",,,,,,,0,,,
166,"JOHNSON C M",,,,,,,0,,,
167,"JOHNSON EDWARD",,,,,,,0,,,
174,"KIND R G",,,,,,,0,,,
175,"KINLEY R H",,,,,,,0,,,
178,"KIRBYSON W A",,,,,,,0,,,
179,"KNIE WALTER",,,,,,,0,,,
183,"LAFLEUR ADRIAN",,,,,,,0,,,
185,"LANG GERALD",,,,,,,0,,,
189,"LEEDHOLM A",,,,,,,0,,,
190,"LEONARD DON A",,,,,,,0,,,
191,"LETOURNEAU R J",,,,,,,0,,,
195,"MAERZ S E",,,,,,,0,,,
198,"MARTIN E V",,,,,,,0,,,
199,"MASTRE MORRIS",,,,,,,0,,,
200,"MAYGARD E",,,,,,,0,,,
201,"MCADO HERB & SON",,,,,,,0,,,
202,"MCCALLUM J L",,,,,,,0,,,
205,"MEASURES CHARLES",,,,,,,0,,,
207,"MERICLE SERVICING",,,,,,,0,,,
208,"MICHAUD OVIDE",,,,,,,0,,,
210,"MILLER CHARLES",,,,,,,0,,,
211,"MILLER JOHN",,,,,,,0,,,
212,"MILLER L",,,,,,,0,,,
213,"MJOLSNESS &MCKENZIE",,,,,,,0,,,
216,"MOREL & MAER",,,,,,,0,,,
218,"MUNDY C T",,,,,,,0,,,
219,"MURRAY ALEX",,,,,,,0,,,
220,"MURRAY RUSSELL",,,,,,,0,,,
221,"NADEAU DRLG",,,,,,,0,,,
223,"NESS OLIVER",,,,,,,0,,,
227,"NORTHSIDE DRLG",,,,,,,0,,,
228,"NUFIELD OPERATIONS",,,,,,,0,,,
229,"ODELL R M&CARPENTER",,,,,,,0,,,
232,"PATTERN DRLG",,,,,,,0,,,
233,"PEARSON BROS",,,,,,,0,,,
235,"PEARSON WILLIAM",,,,,,,0,,,
237,"PERICHE ED & GAVEL",,,,,,,0,,,
238,"PETERSON ANTHONY",,,,,,,0,,,
240,"PICKERING RAY",,,,,,,0,,,
242,"PIKE GORDON",,,,,,,0,,,
245,"POLLARDS WW DRLG",,,,,,,0,,,
247,"POTTER L",,,,,,,0,,,
248,"POTTER N N",,,,,,,0,,,
250,"PRICE DRLG CO",,,,,,,0,,,
251,"QUILAN K",,,,,,,0,,,
252,"RAINER JOE",,,,,,,0,,,
253,"RAINS GERALD",,,,,,,0,,,
254,"RAYMENT GORDON",,,,,,,0,,,
255,"READMAN & SNEDKER",,,,,,,0,,,
256,"RED WELL SERVICING",,,,,,,0,,,
258,"REIMER A",,,,,,,0,,,
259,"RENES J B",,,,,,,0,,,
262,"ROBERT HARVEY",,,,,,,0,,,
270,"SANKEY BROS",,,,,,,0,,,
271,"SASKATOON MTN DRLG",,,,,,,0,,,
273,"SAVILLE & HUG",,,,,,,0,,,
274,"SAVILLE & TROTTLER",,,,,,,0,,,
277,"SCOTT & WENNERSTROM",,,,,,,0,,,
278,"SCOTT BROS DRLG",,,,,,,0,,,
281,"SHUSTER EDWIN H",,,,,,,0,,,
282,"SIDEWINDER SERVICE",,,,,,,0,,,
283,"SIEGEL B",,,,,,,0,,,
284,"SIEGEL H",,,,,,,0,,,
285,"SINCLAIR CANADA OIL",,,,,,,0,,,
289,"SMITH GERALD M",,,,,,,0,,,
291,"SOUTHERN WW",,,,,,,0,,,
293,"SRIGLEY A R",,,,,,,0,,,
298,"STOTTS J P",,,,,,,0,,,
299,"STRATICHUCK H",,,,,,,0,,,
302,"SWANSON RALPH",,,,,,,0,,,
303,"TAKS & WANGLER",,,,,,,0,,,
305,"THOMAS ALAN D",,,,,,,0,,,
307,"THOMPSON JOE",,,,,,,0,,,
309,"TINDALL WW DRLG",,,,,,,0,,,
314,"TRAIL DRLG LTD",,,,,,,0,,,
315,"TRI CITY DRLG",,,,,,,0,,,
318,"UNWIN HERBERT",,,,,,,0,,,
323,"VERNS WATER WELLS",,,,,,,0,,,
325,"WAGAR JOHN",,,,,,,0,,,
326,"WARREN R G",,,,,,,0,,,
328,"WESTERN CABLE TOOL",,,,,,,0,,,
336,"WILSON&COCKS RATHOLE",,,,,,,0,,,
337,"WINTER A A",,,,,,,0,,,
340,"ZELASEK DON A",,,,,,,0,,,
341,"ZUKIWSKI PAUL",,,,,,,0,,,
342,"DOUBLE B DRLG",,,,,,,0,,,
345,"G HEPBURN DRLG",,,,,,,0,,,
347,"SMITH WARREN C",,,,,,,0,,,
348,"PETERSON ERNEST",,,,,,,0,,,
349,"TEMPLE DRLG",,,,,,,0,,,
353,"LR DRLG",,,,,,,0,,,
354,"WEBSTER CABLE TOOL",,,,,,,0,,,
355,"LINDBURG DRLG",,,,,,,0,,,
357,"NOWOCHIN C G",,,,,,,0,,,
360,"DARALD JONES",,,,,,,0,,,
361,"STRASZCIK",,,,,,,0,,,
362,"SADDLE LAKE RESERVE",,,,,,,0,,,
365,"CROSBIE G R",,,,,,,0,,,
367,"ORTIVEIW OEL C",,,,,,,0,,,
368,"KOASCHUK, RON",,,,,,,0,,,
369,"HOLMAN BOB",,,,,,,0,,,
370,"ANDERSON ALVIN",,,,,,,0,,,
371,"BILODEAU LAWRENCE",,,,,,,0,,,
376,"ERICKSON & KANGAS","UNKNOWN",,,,,"gwinfo@gov.ab.ca",0,1866600,1866699,1866600
377,"GENERAUX ALBERT E",,,,,,,0,,,
387,"WEBSTER & WEBSTER",,,,,,,0,,,
388,"H & E CONTRACTING",,,,,,,0,,,
389,"KOVSCHOL RON",,,,,,,0,,,
390,"INCH BILL",,,,,,,0,,,
391,"LEE HERB",,,,,,,0,,,
394,"HIRSCHKORN & PITTMAN",,,,,,,0,,,
395,"BECKETT & ROLFE",,,,,,,0,,,
396,"PROSSER & BECKETT",,,,,,,0,,,
398,"SIEBEL GEO",,,,,,,0,,,
400,"MERIDIAN DLG",,,,,,,0,,,
401,"G HOLIDAY DLG",,,,,,,0,,,
402,"SWANSON & ELIASON",,,,,,,0,,,
500,"TATHAM J",,,,,,,0,,,
501,"GOLLY CHRIS",,,,,,,0,,,
503,"HARNESS DON",,,,,,,0,,,
506,"SEIBEL GEORGE",,,,,,,0,,,
507,"UHRYN'S WELL BORING","10447 - 137 AVENUE","EDMONTON","AB","CA",,"gwinfo@gov.ab.ca",0,2057400,2057499,2057404
508,"TRIPLE A DLG",,,,,,,0,,,
509,"S & W DRLG",,,,,,,0,,,
510,"WAREHIME GRANT",,,,,,,0,,,
512,"RAPID WATER DRLG",,,,,,,0,,,
514,"GOLKA DRILLING","GENERAL DELIVERY","VIKING","AB","CA",,"gwinfo@gov.ab.ca",0,2057500,2057599,2057508
518,"HURRICANE DRLG",,,,,,,0,,,
519,"FREDERICKSON JE",,,,,,,0,,,
521,"K & W WATER BORING",,,,,,,0,,,
522,"PETERSON C ENT LTD","BOX 101","COLINTON","AB","CA",,"gwinfo@gov.ab.ca",0,1936400,1936499,1936402
524,"WESTERN DRLG & CONST",,,,,,,0,,,
525,"RAMM  D",,,,,,,0,,,
526,"VENTURE DRLG LTD",,,,,,,0,,,
527,"ED'S DRLG",,,,,,,0,,,
528,"FAROWNY M P",,,,,,,0,,,
529,"LEN WELLS",,,,,,,0,,,
530,"MILLIGAN JB",,,,,,,0,,,
531,"A&V ROBERT WW DRLG",,,,,,,0,,,
532,"MEYERS DEV LTD",,,,,,,0,,,
533,"SCHICK DRLG",,,,,,,0,,,
534,"SHEIK",,,,,,,0,,,
535,"REYNOLDS B",,,,,,,0,,,
536,"GUTHRIE",,,,,,,0,,,
537,"TURNBULL",,,,,,,0,,,
538,"COLLETT",,,,,,,0,,,
539,"FIRESTONE",,,,,,,0,,,
540,"AMBLER",,,,,,,0,,,
541,"OLSEN C",,,,,,,0,,,
542,"WOODS T",,,,,,,0,,,
543,"JOY",,,,,,,0,,,
545,"DRIVER",,,,,,,0,,,
547,"SIMONS",,,,,,,0,,,
548,"WINRIDGE",,,,,,,0,,,
550,"WEINRICH",,,,,,,0,,,
551,"LOUIS",,,,,,,0,,,
552,"CRAUN",,,,,,,0,,,
553,"MCGILLEY",,,,,,,0,,,
554,"BLEVINS",,,,,,,0,,,
555,"HAIRE",,,,,,,0,,,
557,"MURRAY F",,,,,,,0,,,
558,"LOVE",,,,,,,0,,,
559,"MYHREN I W",,,,,,,0,,,
560,"H B C",,,,,,,0,,,
561,"CARON",,,,,,,0,,,
563,"SMART",,,,,,,0,,,
564,"O'LEARY",,,,,,,0,,,
565,"URRYING WELL BORING",,,,,,,0,,,
567,"HAND",,,,,,,0,,,
568,"WIER",,,,,,,0,,,
569,"SAMPLE",,,,,,,0,,,
571,"IRVING",,,,,,,0,,,
572,"MARY",,,,,,,0,,,
573,"SLIPPER",,,,,,,0,,,
574,"LAWSON",,,,,,,0,,,
575,"LARSON",,,,,,,0,,,
576,"DORTY",,,,,,,0,,,
577,"HAYNES",,,,,,,0,,,
578,"HARE",,,,,,,0,,,
579,"STEEVES",,,,,,,0,,,
580,"MATHEWS",,,,,,,0,,,
581,"SMITH",,,,,,,0,,,
582,"DORATY",,,,,,,0,,,
583,"MILNE",,,,,,,0,,,
584,"HOSKINS",,,,,,,0,,,
585,"DARDY P",,,,,,,0,,,
586,"BGOIK",,,,,,,0,,,
587,"SAMPLETON",,,,,,,0,,,
588,"HENCH W",,,,,,,0,,,
589,"FORD B",,,,,,,0,,,
590,"SCROGGINS",,,,,,,0,,,
591,"KELLER",,,,,,,0,,,
592,"SAWLE",,,,,,,0,,,
593,"HALVERSEN",,,,,,,0,,,
594,"EMBERG",,,,,,,0,,,
595,"STOCKTON",,,,,,,0,,,
596,"HALBERTSON",,,,,,,0,,,
597,"CARLSON",,,,,,,0,,,
598,"TANGENT",,,,,,,0,,,
599,"AMBERG C",,,,,,,0,,,
600,"TANGEN",,,,,,,0,,,
602,"DOERR",,,,,,,0,,,
603,"ARNBERG C",,,,,,,0,,,
604,"STOCKTON-ERNBERG",,,,,,,0,,,
605,"ERNBERG",,,,,,,0,,,
606,"EARNFIELD-STOCKTON",,,,,,,0,,,
607,"KRAFT",,,,,,,0,,,
608,"SEATH",,,,,,,0,,,
609,"HEINBERG",,,,,,,0,,,
610,"MAULL",,,,,,,0,,,
612,"HAGER",,,,,,,0,,,
613,"MISENER",,,,,,,0,,,
620,"GIRARD",,,,,,,0,,,
621,"PERRY",,,,,,,0,,,
622,"MCMANN",,,,,,,0,,,
623,"SEVIONY",,,,,,,0,,,
624,"HAULE",,,,,,,0,,,
625,"BISHOP",,,,,,,0,,,
626,"OTTERHOLM",,,,,,,0,,,
627,"BUSCHEY",,,,,,,0,,,
628,"ELWOOD",,,,,,,0,,,
629,"REID",,,,,,,0,,,
630,"HARE B",,,,,,,0,,,
631,"KARLSON H",,,,,,,0,,,
632,"MOOR B",,,,,,,0,,,
633,"BUSHY",,,,,,,0,,,
634,"JOHNS",,,,,,,0,,,
635,"SNYDER",,,,,,,0,,,
636,"TENNAN",,,,,,,0,,,
637,"NORLAND",,,,,,,0,,,
638,"HUNTER",,,,,,,0,,,
639,"KIMBALL",,,,,,,0,,,
640,"TANGIEN",,,,,,,0,,,
643,"YULLIS S",,,,,,,0,,,
644,"LOGIE",,,,,,,0,,,
645,"SAYER",,,,,,,0,,,
646,"WIMBLES",,,,,,,0,,,
647,"FLECK",,,,,,,0,,,
648,"PAULGEARD",,,,,,,0,,,
649,"IRONBERG",,,,,,,0,,,
650,"ANDBERG C",,,,,,,0,,,
651,"BLAINEY",,,,,,,0,,,
652,"HALVERSON E",,,,,,,0,,,
653,"ROCKNE",,,,,,,0,,,
654,"JEFFERY",,,,,,,0,,,
655,"KNUTSON",,,,,,,0,,,
656,"MCGILLVARY&ROBB",,,,,,,0,,,
657,"CHRISTENSEN",,,,,,,0,,,
658,"IRONFIELD",,,,,,,0,,,
659,"ERENBERG",,,,,,,0,,,
660,"ARMSTRONG",,,,,,,0,,,
661,"HEINTZ",,,,,,,0,,,
662,"JEFFRIES BEN",,,,,,,0,,,
663,"RURICH T",,,,,,,0,,,
664,"CASPER",,,,,,,0,,,
666,"FALKNER",,,,,,,0,,,
668,"MORRISON",,,,,,,0,,,
669,"COLLINS J",,,,,,,0,,,
670,"WRIGHT",,,,,,,0,,,
671,"EWARD E",,,,,,,0,,,
672,"GARDINER",,,,,,,0,,,
673,"KIENGLE",,,,,,,0,,,
674,"GRANDI C",,,,,,,0,,,
675,"EMERT J",,,,,,,0,,,
676,"COLLINS D",,,,,,,0,,,
677,"EMARD J",,,,,,,0,,,
678,"SHERER E",,,,,,,0,,,
679,"HUNT E",,,,,,,0,,,
681,"CULBERT E L",,,,,,,0,,,
682,"N W DRLG CO",,,,,,,0,,,
683,"BRADY C",,,,,,,0,,,
684,"SHANNON N",,,,,,,0,,,
685,"LUTZ",,,,,,,0,,,
686,"HEDLEY-SHAW",,,,,,,0,,,
687,"ERNIES WW",,,,,,,0,,,
688,"LINDGREN",,,,,,,0,,,
689,"KING B",,,,,,,0,,,
690,"LOSS",,,,,,,0,,,
691,"LARAVIRE",,,,,,,0,,,
693,"ARMEL R",,,,,,,0,,,
694,"BECK J E",,,,,,,0,,,
695,"GUTHREY",,,,,,,0,,,
696,"LOUS",,,,,,,0,,,
697,"REYNOLDS W",,,,,,,0,,,
698,"MOORE",,,,,,,0,,,
699,"NORDBLOM W",,,,,,,0,,,
700,"HOLTE",,,,,,,0,,,
702,"MORRIS",,,,,,,0,,,
703,"BARNSCHER",,,,,,,0,,,
704,"DAVIES",,,,,,,0,,,
705,"HILL J",,,,,,,0,,,
706,"HOUSE H",,,,,,,0,,,
707,"WELLS A",,,,,,,0,,,
708,"HAYS",,,,,,,0,,,
709,"REED",,,,,,,0,,,
710,"ANGLEN",,,,,,,0,,,
711,"GRIFFINS",,,,,,,0,,,
712,"SCHEICK",,,,,,,0,,,
713,"CALDWELL",,,,,,,0,,,
714,"HARTLEY",,,,,,,0,,,
715,"DOLAN",,,,,,,0,,,
716,"DOLAND",,,,,,,0,,,
717,"CHADWICK",,,,,,,0,,,
718,"LAMON",,,,,,,0,,,
719,"FRASER",,,,,,,0,,,
720,"MURPHY",,,,,,,0,,,
721,"RANDON",,,,,,,0,,,
722,"EMMETT",,,,,,,0,,,
724,"DUNN",,,,,,,0,,,
726,"THORSEN",,,,,,,0,,,
727,"MOON",,,,,,,0,,,
728,"MORE W",,,,,,,0,,,
729,"WINRIGHT A",,,,,,,0,,,
731,"SHEAR ED",,,,,,,0,,,
732,"WESTLAND",,,,,,,0,,,
733,"WINER O",,,,,,,0,,,
734,"SOUZY",,,,,,,0,,,
735,"BOUCH",,,,,,,0,,,
736,"LUNDER",,,,,,,0,,,
738,"HOSKIN",,,,,,,0,,,
739,"SAINT",,,,,,,0,,,
740,"BELL",,,,,,,0,,,
741,"MACDONALD",,,,,,,0,,,
742,"HARBERT",,,,,,,0,,,
743,"TECHOIN",,,,,,,0,,,
744,"BAILEY",,,,,,,0,,,
745,"BLAYZE R",,,,,,,0,,,
746,"BOOHER ALF",,,,,,,0,,,
747,"DENHOLM",,,,,,,0,,,
748,"GUYCHON",,,,,,,0,,,
750,"HALBERT",,,,,,,0,,,
751,"HUBERT",,,,,,,0,,,
752,"UTAS",,,,,,,0,,,
753,"OLAN",,,,,,,0,,,
754,"SYMONS",,,,,,,0,,,
755,"STENSON J",,,,,,,0,,,
756,"JACOBSON",,,,,,,0,,,
757,"JUWELL",,,,,,,0,,,
758,"LAFORGE",,,,,,,0,,,
759,"MONTPELLIER C",,,,,,,0,,,
760,"NELSON",,,,,,,0,,,
761,"MCPHERSON J",,,,,,,0,,,
762,"HAMMER A",,,,,,,0,,,
763,"DOUGLAS",,,,,,,0,,,
764,"EVANS",,,,,,,0,,,
765,"SABOE J",,,,,,,0,,,
766,"HOWARD",,,,,,,0,,,
767,"GIBSON G",,,,,,,0,,,
768,"NYHOS P",,,,,,,0,,,
769,"BEGORY C",,,,,,,0,,,
770,"FORCE",,,,,,,0,,,
771,"DAVIS ART",,,,,,,0,,,
772,"GIESBRECHT W",,,,,,,0,,,
773,"KANE V",,,,,,,0,,,
774,"SCOTT H",,,,,,,0,,,
775,"SHERRIDON B",,,,,,,0,,,
777,"WALKER",,,,,,,0,,,
778,"JACKSON",,,,,,,0,,,
779,"MCINTYRE",,,,,,,0,,,
780,"GILL N",,,,,,,0,,,
781,"HART J",,,,,,,0,,,
782,"SANDE S",,,,,,,0,,,
783,"BITTNER G",,,,,,,0,,,
784,"CANFIELD M",,,,,,,0,,,
785,"CRAIG J A",,,,,,,0,,,
786,"HILLER J",,,,,,,0,,,
788,"HOVIS",,,,,,,0,,,
789,"GORDNEY G",,,,,,,0,,,
790,"FISHER",,,,,,,0,,,
791,"HENRY",,,,,,,0,,,
794,"HOLVERSON",,,,,,,0,,,
795,"GUTTRICH",,,,,,,0,,,
796,"COATES W H",,,,,,,0,,,
797,"SIEBERT",,,,,,,0,,,
798,"BRADIN",,,,,,,0,,,
799,"NEWHOUSE P",,,,,,,0,,,
800,"CABISH",,,,,,,0,,,
801,"FORSS",,,,,,,0,,,
802,"BORASS",,,,,,,0,,,
803,"MORTON",,,,,,,0,,,
804,"HALL",,,,,,,0,,,
805,"BARBER F",,,,,,,0,,,
806,"KABESH C",,,,,,,0,,,
807,"HOVLEN",,,,,,,0,,,
808,"SABLE",,,,,,,0,,,
809,"HAVARD",,,,,,,0,,,
810,"WEAVER",,,,,,,0,,,
811,"BENSON ROBERT",,,,,,,0,,,
812,"LOGAN F",,,,,,,0,,,
813,"JARVIS F",,,,,,,0,,,
814,"RONDAL WW DRLG",,,,,,,0,,,
815,"OTTO J",,,,,,,0,,,
816,"RISKE",,,,,,,0,,,
817,"POTTER W",,,,,,,0,,,
818,"BOGDONOVICH S",,,,,,,0,,,
819,"MCCRACKEN",,,,,,,0,,,
820,"HOLTZ",,,,,,,0,,,
821,"GROVES",,,,,,,0,,,
822,"ROCK J",,,,,,,0,,,
823,"KEMPE",,,,,,,0,,,
824,"SHERIDON M",,,,,,,0,,,
825,"GATENBY T",,,,,,,0,,,
827,"EVERT  W",,,,,,,0,,,
828,"MEAHURST R P",,,,,,,0,,,
829,"VOLKER",,,,,,,0,,,
830,"STANTON BROS",,,,,,,0,,,
831,"REDMAN F",,,,,,,0,,,
832,"MCKENZIE",,,,,,,0,,,
833,"HEWLETT",,,,,,,0,,,
834,"TELNING",,,,,,,0,,,
835,"MCINTOSH",,,,,,,0,,,
836,"BYERS",,,,,,,0,,,
837,"PERKINS",,,,,,,0,,,
838,"FARRELL",,,,,,,0,,,
839,"CHEEVER",,,,,,,0,,,
840,"KENT",,,,,,,0,,,
841,"MACFARLANE",,,,,,,0,,,
842,"HAKENYN",,,,,,,0,,,
843,"BRIGHT  W",,,,,,,0,,,
844,"GILHOUSE",,,,,,,0,,,
845,"INGLE",,,,,,,0,,,
846,"CRAVIK  J",,,,,,,0,,,
848,"LULL",,,,,,,0,,,
849,"ZURFLUH NEILSON",,,,,,,0,,,
850,"NEILSON",,,,,,,0,,,
851,"GILTNER",,,,,,,0,,,
852,"RUPPELL",,,,,,,0,,,
853,"TIPMAN",,,,,,,0,,,
854,"CLARK",,,,,,,0,,,
855,"RADELL",,,,,,,0,,,
856,"NORTH  L",,,,,,,0,,,
857,"ROPPEL  A",,,,,,,0,,,
858,"RUSTLEY",,,,,,,0,,,
859,"BAIN",,,,,,,0,,,
860,"STEVENS",,,,,,,0,,,
861,"MCDOWELL  J",,,,,,,0,,,
862,"MUNROE  S",,,,,,,0,,,
863,"GUTTERUD",,,,,,,0,,,
864,"RESKE",,,,,,,0,,,
865,"COPELAND  J.B.",,,,,,,0,,,
868,"KANDT R",,,,,,,0,,,
870,"ANGLE",,,,,,,0,,,
871,"PAGE",,,,,,,0,,,
872,"SOLMONSON WEAVER",,,,,,,0,,,
873,"STRATTON  GILBERT",,,,,,,0,,,
874,"SLEETH  P",,,,,,,0,,,
875,"SICH",,,,,,,0,,,
876,"EMMARD  G",,,,,,,0,,,
877,"PANNESTERNGAS&LIGHT",,,,,,,0,,,
879,"GRANDE",,,,,,,0,,,
880,"NOBLE CS",,,,,,,0,,,
881,"STREONSMOE ED",,,,,,,0,,,
882,"MAHON  JOE",,,,,,,0,,,
883,"EWING  F",,,,,,,0,,,
884,"ADDISON","124 TELUS TEST DRIVE",,,,,"GWINFO@GOV.AB.CA",0,1826800,1826899,1826825
885,"GILLETTE BB",,,,,,,0,,,
886,"LYONS OMAR",,,,,,,0,,,
887,"COX W R",,,,,,,0,,,
888,"KNIGHT",,,,,,,0,,,
889,"BIGLOW  E",,,,,,,0,,,
890,"FLYNN J",,,,,,,0,,,
891,"PETERS",,,,,,,0,,,
892,"CONSELLA  W",,,,,,,0,,,
893,"HASTEY  N",,,,,,,0,,,
894,"BARNES  L",,,,,,,0,,,
895,"GLISTON J",,,,,,,0,,,
896,"BURNS",,,,,,,0,,,
897,"CARTWRIGHT",,,,,,,0,,,
899,"SHIELDS",,,,,,,0,,,
900,"SPARKS",,,,,,,0,,,
901,"BALL",,,,,,,0,,,
902,"WHITE",,,,,,,0,,,
903,"MARON JAKE",,,,,,,0,,,
904,"BALTIMORE",,,,,,,0,,,
905,"MOSSCRIPT",,,,,,,0,,,
906,"OSBORNE",,,,,,,0,,,
907,"RIDDELL",,,,,,,0,,,
908,"MACAULEY",,,,,,,0,,,
909,"CASTLE",,,,,,,0,,,
910,"SHORT",,,,,,,0,,,
913,"BATES",,,,,,,0,,,
914,"STOTZ J",,,,,,,0,,,
915,"BURNSTED J",,,,,,,0,,,
916,"CAMERON C",,,,,,,0,,,
917,"PARKER",,,,,,,0,,,
918,"STARKY",,,,,,,0,,,
919,"HENNESEY",,,,,,,0,,,
920,"CASSEL",,,,,,,0,,,
921,"MULLER  J",,,,,,,0,,,
922,"FILLAPAUGH J",,,,,,,0,,,
923,"DAFOE",,,,,,,0,,,
924,"UNGER",,,,,,,0,,,
925,"MCCONKEY",,,,,,,0,,,
926,"BLATTER  CHRIS",,,,,,,0,,,
927,"ACRE  ANDY",,,,,,,0,,,
928,"ATKINS",,,,,,,0,,,
929,"AHIR A",,,,,,,0,,,
930,"KERCH BROS",,,,,,,0,,,
931,"COVERNESS",,,,,,,0,,,
932,"BJORNSON",,,,,,,0,,,
934,"DOUBLE J DRILLING",,,,,,,0,,,
935,"MCGEE",,,,,,,0,,,
936,"THOMPSON W",,,,,,,0,,,
937,"RADEAU (WIELLARD)",,,,,,,0,,,
11110,"UNKNOWN DRILLER","UNKNOWN","UNKNOWN","AB","CA",,"gwinfo@gov.ab.ca",0,1973500,1973599,1973599
11111,"OWNER DRILLED",,,,,,,1,,,
11362,"TSCHIDA JOE",,,,,,,0,,,
13203,"LEWIS THOMAS A",,,,,,,0,,,
14343,"TWO WAY DRLG",,,,,,,0,,,
14401,"ALBERTA RATHOLE",,,,,,,0,,,
14402,"ALLAN BROS",,,,,,,0,,,
14403,"AL'S WATER WELLS LTD","BOX 641","LACOMBE","AB","CA",,"gwinfo@gov.ab.ca",0,2057000,2057099,2057046
14405,"ANDERSON C G",,,,,,,0,,,
14406,"ANDERSON SVERRE",,,,,,,0,,,
14407,"ARTESIA DRLG",,,,,,,0,,,
14408,"ALL KIND DRLG",,,,,,,0,,,
14409,"ABRAMENKO PETER",,,,,,,0,,,
14411,"BABICH JOHN W",,,,,,,0,,,
14412,"BABLITZ ROBERT",,,,,,,0,,,
14413,"BABLITZ WALTER",,,,,,,0,,,
14414,"BAKER DRLG",,,,,,,0,,,
14415,"B&R DRLG CO LTD",,,,,,,0,,,
14417,"BARTON LES",,,,,,,0,,,
14420,"BERTRAM DRLG",,,,,,"sue@bertramdrilling.com",1,9756000,9760999,9756046
14421,"BIG INDIAN DRILLING CO. LTD.","216, 513-8TH AVENUE WEST","CALGARY","AB","CA",,"gwinfo@gov.ab.ca",0,2057700,2057799,2057703
14424,"BLACK DIAMOND WATER WELLS LTD","3628 BURNSLAND RD SE","CALGARY","AB","CA",,"GWINFO@GOV.AB.CA",0,1841100,1841199,
14425,"BLIZE LA & SONS",,,,,,,0,,,
14429,"BOWERS & THIBEDEAU",,,,,,,0,,,
14430,"AQUA DRLG",,,,,,,0,,,
14433,"BROWN JIM",,,,,,,0,,,
14434,"BRUN F A",,,,,,,0,,,
14435,"BUDESHEIN DON",,,,,,,0,,,
14438,"BURGHARDT ROBERT",,,,,,,0,,,
14439,"LAWS E",,,,,,,0,,,
14440,"BRENDAL, RAYMOND",,,,,,,0,,,
14445,"CARPENTER WAYNE",,,,,,,0,,,
14449,"CHIPMUNK HOLDING LTD",,,,,,,0,,,
14451,"CHRISTIAN EARL",,,,,,,0,,,
14452,"CLIFFORD DALE E",,,,,,,0,,,
14455,"CRANDALL A J",,,,,,,0,,,
14456,"CT&T DRLG CO LTD",,,,,,,0,,,
14460,"DAGG H &DL WELL DRLG",,,,,,,0,,,
14461,"DEFORAS J P",,,,,,,0,,,
14468,"DUTCHYS WW DRLG",,,,,,,0,,,
14470,"DIRKS WW DRLG",,,,,,,0,,,
14474,"ELLEFSON BUD E",,,,,,,0,,,
14476,"FARROW STEWART",,,,,,,0,,,
14477,"FELDBERG ROBERT",,,,,,,0,,,
14485,"BIG SIX DRLG LTD",,,,,,,0,,,
14486,"BEAGRIE TOM",,,,,,,0,,,
14487,"CULVERS FARM&RANCH",,,,,,,0,,,
14491,"GEOSERVE DRLG",,,,,,,0,,,
14492,"GERMAN R E",,,,,,,0,,,
14494,"GODDARD A E",,,,,,,0,,,
14495,"GOLKA PLUMBING",,,,,,,0,,,
14499,"GAILEY JOHN",,,,,,,0,,,
14500,"HALL M R DRLG",,,,,,,0,,,
14506,"HENDRICKSON C&H",,,,,,,0,,,
14510,"HOVIS M E",,,,,,,0,,,
14516,"JACK PINE DRLG",,,,,,,0,,,
14519,"JAYS WW DRLG",,,,,,,0,,,
14522,"KALLAS FRED",,,,,,,0,,,
14523,"KENASTON DRLG",,,,,,,0,,,
14525,"KIND EVAN",,,,,,,0,,,
14526,"KING LLOYD",,,,,,,0,,,
14528,"KEITH RALPH",,,,,,,0,,,
14536,"LAFORGE BROS",,,,,,,0,,,
14537,"LAKVOLD MILTON",,,,,,,0,,,
14544,"LINGO DRLG",,,,,,,0,,,
14545,"L&M",,,,,,,0,,,
14548,"LUTYCK BILL W",,,,,,,0,,,
14559,"MCDONALD DRLG",,,,,,,0,,,
14562,"MCISAAC GERALD",,,,,,,0,,,
14569,"MOORE YOTO",,,,,,,0,,,
14570,"MOORES WW DRLG",,,,,,,0,,,
14576,"MILLAR LEONARD",,,,,,,0,,,
14578,"NASLUND E E",,,,,,,0,,,
14580,"NEPSTAD L K",,,,,,,0,,,
14581,"NIPISI W PUMPING LTD",,,,,,,0,,,
14582,"NORTHERN AUGER",,,,,,,0,,,
14588,"PANKIW DRLG CO",,,,,,,0,,,
14597,"QUAST GEORGE",,,,,,,0,,,
14600,"RENBAR DRILLING LTD","548-4 AVE NE","CALGARY","AB","CA",,"gwinfo@gov.ab.ca",0,2058000,2058099,2058000
14601,"ROBBINS ALLAN",,,,,,,0,,,
14602,"ROSYCHUK I",,,,,,,0,,,
14604,"ROBERTSON ALLEN C",,,,,,,0,,,
14615,"MCADOO & SHANK",,,,,,,0,,,
14618,"STERLING DRLG",,,,,,,0,,,
14619,"SKELLY DRLG",,,,,,,0,,,
14624,"SPINK G",,,,,,,0,,,
14627,"STEDMAN DRLG&PUMPING",,,,,,,0,,,
14628,"STEINKE A",,,,,,,0,,,
14633,"SWANSON GILBERT",,,,,,,0,,,
14639,"THOMPSON & SONS",,,,,,,0,,,
14646,"TSCHETTER DAVID",,,,,,,0,,,
14649,"V&H DRLG",,,,,,,0,,,
14651,"VALB ERNEST",,,,,,,0,,,
14652,"WAGAR SHERMAN",,,,,,,0,,,
14656,"WAMBEKE BROS",,,,,,,0,,,
14657,"WAINKE (BOB) DRLG",,,,,,,0,,,
14660,"WATSON DRLG",,,,,,,0,,,
14662,"KIEFIUK EDWARD",,,,,,,0,,,
14666,"WRAIGHT FRED",,,,,,,0,,,
14669,"BAIRD MJ",,,,,,,0,,,
14672,"BABLITZ REINHOLD",,,,,,,0,,,
14675,"APACHE DRLG",,,,,,,0,,,
14676,"MELNYK CHRIS",,,,,,,0,,,
14677,"KROFTS WW DRLG",,,,,,,0,,,
14698,"SLECZKA TED",,,,,,,0,,,
15175,"MUNDLE ROBERT T",,,,,,,0,,,
15287,"BEATTY DOUG",,,,,,,0,,,
15775,"CAMPBELL GORDON",,,,,,,0,,,
15776,"GARRICK DRLG",,,,,,,0,,,
15779,"MUKANIK JOHN",,,,,,,0,,,
15780,"MURRAY JACK",,,,,,,0,,,
15781,"MILLER DON",,,,,,,0,,,
15782,"PETERSEN ERNEST",,,,,,,0,,,
15783,"PEANUTS DRLG",,,,,,,0,,,
15784,"PATERSON DRLG CO LTD",,,,,,,0,,,
15786,"SHERIDAN BILL",,,,,,,0,,,
15787,"SARAFINCHAN ED",,,,,,,0,,,
15791,"SIMENSEN DRLG",,,,,,,0,,,
15796,"WEISS TOM",,,,,,,0,,,
15815,"KRUK JOHN J",,,,,,,0,,,
15846,"POTTER JAMES N",,,,,,,0,,,
15848,"TERRA NUMA DRLG",,,,,,,0,,,
15858,"LUNAR DRLG",,,,,,,0,,,
15969,"HILKER ALVAN",,,,,,,0,,,
15971,"PEE WEE DRLG",,,,,,,0,,,
15972,"VANMAARION LEONARD",,,,,,,0,,,
16000,"RANGELAND DRILLING",,,,,,,0,,,
16044,"GROVE DRILLING LTD","BOX 1465","SPRUCE GROVE","AB","CA",,"gwinfo@gov.ab.ca",0,2098050,2098099,2098058
16045,"PENNY KEITH",,,,,,,0,,,
16046,"ROBBINS ERNEST G",,,,,,,0,,,
16099,"PETERSON RONALD",,,,,,,0,,,
16100,"STUD MUD&ENGINEERING",,,,,,,0,,,
16201,"ENGEL JOHN",,,,,,,0,,,
16203,"HALL B",,,,,,,0,,,
16204,"RAFFA F G",,,,,,,0,,,
16205,"AMATIA NICK",,,,,,,0,,,
16207,"SRIGLEY DRLG",,,,,,,0,,,
16208,"THORSEN TED",,,,,,,0,,,
16209,"NORTHERN WW BORING",,,,,,,0,,,
16210,"A&J DRLG",,,,,,,0,,,
16211,"ABLE DRLG","123 CABLE CRT ","LEDUC","AB","CA","T9E 5H4","gwinfo@gov.ab.ca",0,1825900,1825999,
16212,"ADAIR D",,,,,,,0,,,
16213,"ALBERTA WELL DRLRS",,,,,,,0,,,
16214,"ANDERBURG & SONS",,,,,,,0,,,
16215,"ASHTON O W",,,,,,,0,,,
16216,"BENNET & NOWAK",,,,,,,0,,,
16217,"BERWYN DRLG LTD",,,,,,,0,,,
16218,"BLACKWOOD ALEX",,,,,,,0,,,
16219,"BLACKWOOD ROGER",,,,,,,0,,,
16220,"CAL & NORM'S DRILLING",,,,,,,0,,,
16221,"BOWERS RAY & RALPH",,,,,,,0,,,
16222,"BROWN GORDON L",,,,,,,0,,,
16223,"BRUNER J L",,,,,,,0,,,
16224,"BURGESS BILL",,,,,,,0,,,
16225,"CALALTA DRLG",,,,,,,0,,,
16226,"CARDAY DRLG",,,,,,,0,,,
16227,"CLEVELNDWAYLNDMORTON",,,,,,,0,,,
16228,"CODE D N",,,,,,,0,,,
16229,"CORNELSSON W E",,,,,,,0,,,
16230,"DANSCOT DRLG CO",,,,,,,0,,,
16231,"DAY ARTHUR A",,,,,,,0,,,
16232,"DIAL A L",,,,,,,0,,,
16233,"DUBE OTTO",,,,,,,0,,,
16234,"EDWARDS E NEIL",,,,,,,0,,,
16236,"EUREKA DRLG CO",,,,,,,0,,,
16237,"FAST DRLG CO",,,,,,,0,,,
16238,"FAY GUY E",,,,,,,0,,,
16239,"FIVELAND N",,,,,,,0,,,
16240,"FORESTER TERRY",,,,,,,0,,,
16242,"FREEMAN W J",,,,,,,0,,,
16243,"GRAY B",,,,,,,0,,,
16244,"GREEN C C",,,,,,,0,,,
16245,"GREEN F T",,,,,,,0,,,
16246,"GRIFFITH CHARLES",,,,,,,0,,,
16247,"GUNDERSON CORNELL",,,,,,,0,,,
16248,"HADLAND HERMAN",,,,,,,0,,,
16249,"HEGLAND OLAF P",,,,,,,0,,,
16250,"HENDERSON ALVIN",,,,,,,0,,,
16251,"HENDERSON DRILLING LTD.","BOX 878","PONOKA","AB","CA",,"gwinfo@gov.ab.ca",0,2057100,2057399,2057123
16252,"HOLDSWORTH ERNEST",,,,,,,0,,,
16253,"HORNESS D N",,,,,,,0,,,
16254,"HORRICKS BOB",,,,,,,0,,,
16255,"HUSSEY BILL",,,,,,,0,,,
16256,"INDEPENDENT DRG& EXP",,,,,,,0,,,
16257,"JALBERT ENTERPRISES",,,,,,,0,,,
16258,"JOHANSON VICTOR",,,,,,,0,,,
16259,"KENDREW C",,,,,,,0,,,
16260,"KIENZLE E",,,,,,,0,,,
16261,"KIND R G & RENNIE",,,,,,,0,,,
16262,"KINGSEP ROBERT",,,,,,,0,,,
16263,"KLETTKE GUS",,,,,,,0,,,
16264,"KORTMEYER FRED",,,,,,,0,,,
16265,"KOWALCHUK PETER",,,,,,,0,,,
16267,"LORRAINE DRLG",,,,,,,0,,,
16268,"LUND SVEN DRLG",,,,,,,0,,,
16271,"MAUGHAN WM",,,,,,,0,,,
16272,"MCDONNEL & SCHMIDT",,,,,,,0,,,
16273,"MCLAREN DRLG",,,,,,,0,,,
16274,"MCCRAE W M",,,,,,,0,,,
16275,"MCWILLIS A",,,,,,,0,,,
16276,"MOON W C",,,,,,,0,,,
16277,"MOOR J E",,,,,,,0,,,
16278,"MORRISON FC",,,,,,,0,,,
16279,"ALLAN & SANDERSON",,,,,,,0,,,
16280,"PACHOLKO ALEX",,,,,,,0,,,
16282,"PALADIN DRILLS",,,,,,,0,,,
16283,"PEDERSON CHRISTIAN",,,,,,,0,,,
16284,"PREGODA GEORGE",,,,,,,0,,,
16285,"BAIRD JC JUNIOR",,,,,,,0,,,
16288,"CORNELSSEN L R",,,,,,,0,,,
16290,"EDSON WW",,,,,,,0,,,
16292,"FORRESTER DRILLING","RR1","OLDS","AB","CA",,"gwinfo@gov.ab.ca",0,1871400,1871499,1871400
16294,"FRASER BROS",,,,,,,0,,,
16295,"FRIESEN JOHN",,,,,,,0,,,
16296,"GREEN TED",,,,,,,0,,,
16297,"HNATIUK PAUL",,,,,,,0,,,
16298,"KANGAS DRLG",,,,,,,0,,,
16299,"KRUGER ARNOLD",,,,,,,0,,,
16301,"LS AUGERING & DRLG",,,,,,,0,,,
16305,"MICHELE DRLG&EXPLOR","10279 - 101 SREET","EDMONTON","AB","CA",,"gwinfo@gov.ab.ca",0,2098100,2098149,
16306,"MILLER A",,,,,,,0,,,
16307,"R&D DRLG",,,,,,,0,,,
16308,"MISKULIN G",,,,,,,0,,,
16309,"MITCHELL HERB",,,,,,,0,,,
16310,"NICHOLS BOB",,,,,,,0,,,
16311,"NORTH SIDE GARAGE",,,,,,,0,,,
16312,"OLIVER NESS",,,,,,,0,,,
16313,"OSZUST JOHN",,,,,,,0,,,
16315,"MANNVILLE DRLG",,,,,,,0,,,
16316,"RENNICH DRLG",,,,,,,0,,,
16317,"ROBERTSONS PLUMBING",,,,,,,0,,,
16318,"RUSSEL ROBERT G",,,,,,,0,,,
16319,"SCHAFFER JACK",,,,,,,0,,,
16320,"SCHAFFER ROBERT",,,,,,,0,,,
16321,"SCHELLENBERGER M",,,,,,,0,,,
16322,"SCHULLER LEO",,,,,,,0,,,
16323,"SCHUSTER EDWIN",,,,,,,0,,,
16324,"SCHUSTER FRED",,,,,,,0,,,
16325,"SCOGGINS & RAINES",,,,,,,0,,,
16327,"SCOTT HARVEY L",,,,,,,0,,,
16328,"SEAMAN ENGINEERING",,,,,,,0,,,
16332,"SRIGLEY ELLWOOD",,,,,,,0,,,
16333,"STANOLIND OIL & GAS",,,,,,,0,,,
16334,"STEINBRUE KOLBOURNE",,,,,,,0,,,
16335,"TARRY HARRY",,,,,,,0,,,
16337,"TURNQUIST O F",,,,,,,0,,,
16339,"WARD G H DRLG",,,,,,,0,,,
16340,"WASMUTH ALVIN A",,,,,,,0,,,
16341,"WESTERN WATER WELLS LTD.",,"CALGARY","AB","CA",,,0,9556000,9560999,9556000
16342,"WILSON FRED Y",,,,,,,0,,,
16343,"WINTER R A",,,,,,,0,,,
16344,"WIRECHENKO H",,,,,,,0,,,
16345,"ZAROWNY MIKE",,,,,,,0,,,
16346,"ZUKOWICH JOHN",,,,,,,0,,,
16349,"MURRAY R D DRLG",,,,,,,0,,,
16350,"RENNICH HERB",,,,,,,0,,,
16351,"RONDEAU & DENOYER",,,,,,,0,,,
16352,"RONDEAU PAUL",,,,,,,0,,,
16355,"SIEBLE ALLAN",,,,,,,0,,,
16357,"STEPHENSON C",,,,,,,0,,,
16359,"TAKES DRLG",,,,,,,0,,,
16360,"TAKES & WANGLER",,,,,,,0,,,
16363,"WATER RESOURCES",,,,,,,0,,,
16365,"WILSON DRLG",,,,,,,0,,,
16366,"WILDERMAN DRLG",,,,,,,0,,,
16495,"BEAGRIE KARL J",,,,,,,0,,,
16515,"DYCK PETER",,,,,,,0,,,
16516,"LAWES LAWRENCE",,,,,,,0,,,
16517,"STEPHENS BROS",,,,,,,0,,,
16518,"AURORA EXPLORATIONS",,,,,,,0,,,
16519,"FERLAND ENTERPRISES",,,,,,,0,,,
16521,"B&M DRLG",,,,,,,0,,,
16592,"LEWIS FLOYD A",,,,,,,0,,,
16759,"LAMOREAX ERNEST",,,,,,,0,,,
16760,"STRAND ELVIN",,,,,,,0,,,
16767,"R&J DRLG",,,,,,,0,,,
16770,"SIMENSEN GEORGE",,,,,,,0,,,
16771,"HOOD DRLG CO",,,,,,,0,,,
16870,"DOUBLE V DRLG",,,,,,,0,,,
16872,"WILLNESS WARNER",,,,,,,0,,,
16875,"GEMINI DRLG",,,,,,,0,,,
16878,"SEXAUER DALE",,,,,,,0,,,
16951,"BEATTIE GARY",,,,,,,0,,,
16988,"LANGE EXPLORATION",,,,,,,0,,,
16993,"CHINOOK DRLG",,,,,,,0,,,
17674,"ELLIOTT DOUGLAS",,,,,,,0,,,
23999,"BECKER, RAYMOND",,,,,,,0,,,
24003,"WM WELL SERVICE",,,,,,,0,,,
24004,"BECKETT DRILLING LTD.",,,,,,,0,,,
24005,"CLIFF'S DRILLING","RR 1","BASHAW","AB","CA","T0B 0H0","GWINFO@GOV.AB.CA",1,1200000,1204999,1201597
24006,"C&E WELL BORING",,,,,,,0,,,
24008,"DOOL WW",,,,,,,0,,,
24009,"DUBOIS ELMER J",,,,,,,0,,,
24010,"D&B DRLG (1023466 ALBERTA LTD)","BOX 142","LA GLACE","AB","CA","T0H 2J0","gwinfo@gov.ab.ca",0,1856600,1856699,1856695
24012,"GREEN ACRES WW DRLG",,,,,,,0,,,
24014,"HOLLAND DRILLING LTD.",,,,,,,0,,,
24015,"J&L OIL SALES",,,,,,,0,10061000,10065999,10061000
24017,"NORTHERN GEOPHYSICAL",,,,,,,0,,,
24020,"C&R DRLG",,,,,,,0,,,
24021,"STEFFENSEN, HENRY E.",,,,,,,0,,,
24023,"PECOS DRLG LTD",,,,,,,0,,,
24024,"CLARKS DRLG CO",,,,,,,0,,,
24028,"SLOAT, H. & SONS DRILLING",,,,,,,0,,,
24029,"ALF'S DRILLING & SUPPLIES LTD.","BOX 452","VIKING","AB","CA","T0B 4N0","GWINFO@GOV.AB.CA",0,1055000,1059999,1055030
24030,"AB WATER WELL DRILLING",,,,,,,0,,,
24032,"BANKS WELL SERVICE",,,,,,,0,,,
24033,"DARRAGH LEE",,,,,,,0,,,
24034,"GP WW DRLG",,,,,,,0,,,
24035,"MELS SEISMIC OIL LTD",,,,,,,0,,,
24036,"KEN'S WATER SERVICE",,,,,,,0,,,
24037,"KENROB WATER WELL SERVICES",,,,,,,0,,,
24038,"KAEHN VICTOR A",,,,,,,0,,,
24039,"LAKELAND DRILLING LTD.","BOX 1388","ST PAUL","AB","CA","T0A 3A0","gwinfo@gov.ab.ca",1,1420000,1424999,1422788
24040,"MORTON'S WATER WELL DRILLING LTD.","4620 RAILWAY AVE","VERMILION","AB","CA","T9X 1E7",,0,2040200,2044999,1924972
24041,"AARON DRILLING INC.","PO Box 434","Black Diamond","ALBERTA","CANADA","T0L 0H0","admin@aarondrilling.com",1,1020000,1024999,1024207
24042,"LAMAR HOLDINGS LTD./BILODEAU, LAWRENCE",,,,,,,0,,,
24043,"OBAR DRLG LTD",,,,,,,0,,,
24044,"PITTMAN ROBERT",,,,,,,0,,,
24045,"PERCUSSION CORE",,,,,,,0,,,
24046,"PARKLAND DRLG&SALES",,,,,,,0,,,
24047,"ROBERTS RATHOLE DRLG",,,,,,,0,,,
24048,"FRED'S WATER WELL DRILLING LTD.",,,,,,,0,,,
24049,"STEINHAUER ENT. LTD","BOX 2050","ST. PAUL","AB","CA",,"gwinfo@gov.ab.ca",0,2057600,2057699,2057600
24052,"SCHRADER & SON DRILLING & SERVICING",,,,,,,0,,,
24053,"LOU'S WATER WELL DRILLING","BOX 1021","COCHRANE","AB","CA","T4C 1B1","gwinfo@gov.ab.ca",0,1465000,1469999,1465064
24054,"TRIPLE M DRLG",,,,,,,0,,,
24055,"VIDOK JAMES",,,,,,,0,,,
24056,"ALBERTA WW SERVICE",,,,,,,0,,,
24057,"CARTER AQUIFER",,,,,,,0,,,
24058,"DOUBLE H DRILLING","GENERAL DELIVERY","WESTEROSE","AB","CA",,"gwinfo@gov.ab.ca",0,2057800,2057899,2057800
24059,"GOLDEN PEACE DRILLING LTD.","RR 1","CROOKED CREEK","AB","CA","T0H 0Y0","GWINFO@GOV.AB.CA",1,1877500,1877599,1877534
24060,"BARR FREDRICK DRLG",,,,,,,0,,,
24062,"ATSINGER KEN R",,,,,,,0,,,
24063,"TENCO ENTERPRISES",,,,,,,0,,,
24064,"KRUSE DRLG LTD",,,,,,,0,,,
24065,"MCCOMB DRILLING LTD.",,,,,,,0,,,
24066,"MCDONNEL DOUPE",,,,,,,0,,,
24069,"WARDLEY F G",,,,,,,0,,,
24070,"PETE'S WATERWELL CONTRACTING LTD.",,,,,,,0,,,
24071,"LAMBERT DRLG",,,,,,,0,,,
24072,"ARIES DRLG",,,,,,,0,,,
24073,"FARARI HOLDINGS",,,,,,,0,,,
24075,"J&J DRILLING LTD.",,,,,,,0,,,
24076,"FEDORVICH DRILLING","BOX 122","BUSBY","AB","CA","T0G 0H0","GWINFO@GOV.AB.CA",0,1280000,1284999,1280032
24077,"MCNARY DAVID M",,,,,,,0,,,
24079,"GENERAUX ERIC",,,,,,,0,,,
24080,"GLOBE DRLG",,,,,,,0,,,
24081,"MALESKI FRANK",,,,,,,0,,,
24082,"BYRT, STAN & SONS LTD.",,,,,,,0,,,
24083,"DEL'S DRILLING","567 NORTHMOUNT DR NW","CALGARY","AB","CA","T2K 3J4","gwinfo@gov.ab.ca",0,2027001,2027050,2027002
24084,"INTERPROVINCIAL DRILLING CONTRACTORS","SUB PO 36","CALGARY","AB","CA",,"GWINFO@GOV.AB.CA",0,1893200,1893299,1893200
24085,"BORLE DELPHIS M",,,,,,,0,,,
24086,"SKOLSKI MIKE H",,,,,,,0,,,
24087,"ALBERTA OILFIELD WATER PUMPING CO. LTD.","BOX 62","PICKARDVILLE","AB","CA","T0G 1W0","GWINFO@GOV.AB.CA",0,1050000,1054999,
24089,"NIEMANS DRILLING (1980) LTD.","BOX 5564","HIGH RIVER","AB","CA","T0E 1M6","gwinfo@gov.ab.ca",0,1555000,1559999,1556541
24090,"NORMAN GASS","BOX 21097","GRANDE PRAIRIE","AB","CA","T8V 6W7","gwinfo@gov.ab.ca",0,1875000,1875099,1875000
24092,"ARCHIBALD NORMAN",,,,,,,0,,,
24094,"SANDERSON, LLOYD",,,,,,,0,,,
24096,"BOB'S DRILLING & BACKHOE SERVICE LTD.","BOX 50","MULHURST","AB","CA","T0C 2C0","GWINFO@GOV.AB.CA",0,1145000,1149999,
24097,"BRIX DRLG",,,,,,,0,,,
24098,"ELLIOTT DRLG","13420-139 ST","EDMONTON","AB","CA",,"gwinfo@gov.ab.ca",0,1865300,1865399,1865303
24099,"FOOTHILLS DRLG",,,,,,,0,,,
24100,"FRASER, RON",,,,,,,0,,,
24101,"HARVEY DRLG CO",,,,,,,0,,,
24102,"L M WW LTD",,,,,,,0,,,
24103,"GERALD MCGINN DRILLING LTD.","8 HARVEST WAY","STONY PLAIN","ALBERTA","CANADA","T7Z 2A7","sheila@geraldmcginndrilling.com",1,1300000,1304999,1300574
24105,"AMA DRILLING CO. LTD.",,,,,,,0,,,
24106,"CAMFIELD DRILLING SERVICES LTD.","1280 4 AVE S","LETHBRIDGE","AB","CA","T1J 0R2","garfield@camdril.com",0,1170000,1174999,1170587
24107,"RYAN, GERALD",,,,,,,0,,,
24108,"SCOTT, GORDON",,,,,,,0,,,
24109,"KINSELLA DRILLING LTD.","RR 2","INNISFAIL","AB","CA","T4G 1T7","gwinfo@gov.ab.ca",1,1405000,1409999,1405122
24110,"LAFORGE, ARCHIE DRILLING",,,,,,,0,,,
24112,"CORALTA DRLG","PO. BOX 4104","EDMONTON","AB","CA",,"gwinfo@gov.ab.ca",0,2059300,2059399,2059307
24113,"MAUGHAN, JOSEPH R.",,,,,,,0,,,
24114,"HOOVER DRILLING",,,,,,,0,,,
24115,"LARRY LEBEAU DRILLING LTD.","P.O. BOX 5127","WESTLOCK","AB","CA","T7P 2P4","gwinfo@gov.ab.ca",0,1425000,1429999,1425009
24116,"MAHAR DRILLING CO. LTD.","R.R. 2","BARRHEAD","AB","CA","T7N 1N3","gwinfo@gov.ab.ca",0,1912500,1912599,1912522
24117,"PATRICK DRLG",,,,,,,0,,,
24118,"BOUTIN RENE",,,,,,,0,,,
24119,"DIVERSIFIED DRILLING & EXPLORATION CO.",,,,,,,0,,,
24120,"LOUSANA WATER WELLS (1987) LTD.","BOX 88","LOUSANA","AB","CA","T0M 1KO","gwinfo@gov.ab.ca",1,1470000,1474999,1471191
24121,"MCALLISTER DRILLING LTD.",,,,,,,0,,,
24123,"CARIBOU DRILLING LTD.",,,,,,,1,10071000,10075999,10071004
24124,"HENRICKSON BROS",,,,,,,0,,,
24125,"CANNON DRLG","10834 - 64 AEVNUE","EDMONTON","AB","CA",,"gwinfo@gov.ab.ca",0,2060100,2060199,2060101
24127,"M&S WATERWELL DRILLING LTD.","BOX 609","THORHILD","AB","CA","T0A 3JO","gwinfo@gov.ab.ca",1,2050000,2054999,1912664
24128,"THREE STAR DRLG",,,,,,,0,,,
24129,"ELGIN EXPLORATION COMPANY LIMITED","245-61 AVE SE","CALGARY","AB","CA","T2H 0R4","gwinfo@gov.ab.ca",0,1864800,1864899,1864803
24130,"FORRESTER WATER WELL DRILLING (1981) LTD.","RR 1","RED DEER","AB","CA",,"GWINFO@GOV.AB.CA",0,2055000,2055999,2055001
24131,"HANSEN BUD G",,,,,,,0,,,
24132,"KIELBAUCH DRLG",,,,,,,0,,,
24133,"MAR-WAYNE WATER WELL DRILLING SERVICES LTD.","BOX 4, SITE 5, RR 1","CALAHOO","AB","CA","T0G 0J0","MARWAYNE@CRUZINTERNET.COM",0,1495000,1499999,1495607
24134,"REKLOW WATER WELL DRILLING",,,,,,,0,,,
24135,"HILLSDALE DRILLING",,,,,,,0,,,
24136,"CLEAR WATER DRILLING LTD.","UNKNOWN","DARWELL","AB","CA",,"gwinfo@gov.ab.ca",0,1851900,1851999,1851951
24137,"CASKEY HOLDING LTD.",,,,,,,0,,,
24138,"HOKENSON WW LTD",,,,,,,0,,,
24139,"LOSNESS DRILLING (1975) LTD.","BOX 145","LOUGHEED","AB","CA","T0B 2V0","gwinfo@gov.ab.ca",0,1460000,1464999,1460102
24140,"ZIEGLER BROS. DRILLING LTD.","BOX 478","BEISEKER","ALBERTA","CANADA","T0M 0G0","gwinfo@gov.ab.ca",0,1815000,1819999,
24141,"SEXSMITH DRILLING",,,,,,,0,,,
24142,"STAR DRLG CO",,,,,,,0,,,
24143,"STEDMAN WILLIAM",,,,,,,0,,,
24144,"ROSS DRILLING","BOX 22","BIG VALLEY","AB","CA","T0J 0G0","gwinfo@gov.ab.ca",0,1650000,1654999,1650127
24145,"WARNKE DRILLING LTD.","RR 3","WETASKIWIN","AB","CA","T9A 1X1","warnkedrilling@HOTMAIL.COM",0,1780000,1784999,1780392
24146,"DAVES DRLG",,,,,,,0,,,
24147,"LANGE STAN",,,,,,,0,,,
24148,"SAVILLE WATER WELL DRILLING LTD.",,,,,,,0,,,
24149,"MEL'S DRILLING SERVICES 1976 LTD.","BOX 1354","EDSON","AB","CA",,"gwinfo@gov.ab.ca",0,2060000,2060099,2060001
24150,"TAJE ARNOLD",,,,,,,0,,,
24151,"TOWN & COUNTRY WATER WELL BORING LTD.","BOX 630","THORHILD","AB","CA","T0A 3J0","ruhryn@telusplanet.net",0,1755000,1759999,1755242
24152,"WAREHIME, FRANK",,,,,,,0,,,
24153,"BROSSEAU RAY",,,,,,,0,,,
24154,"M&O CONSTRUCTION",,,,,,,0,,,
24155,"HEER MANUEL D",,,,,,,0,,,
24156,"DEN-ALTA DRILLING LTD.","SITE 2, SITE 21, R.R. 1","AIRDRIE","AB","CA","T4B 2A3","denalta@telusplanet.net",0,1240000,1244999,1240329
24158,"SERVOLD, HAROLD",,,,,,,0,,,
24159,"SIEGEL DON",,,,,,,0,,,
24160,"WARNKE BROS",,,,,,,0,,,
24161,"WATKINS DRILLING",,,,,,,0,,,
24162,"WINTER, PAUL WATER WELL DRILLING",,,,,,,0,,,
24163,"BIRKNESS DRILLING LTD.",,,,,,,0,,,
24164,"VERT, GLEN",,,,,,,0,,,
24165,"W&G WATER WELLS LTD","BOX 2007","EDSON","AB","CA",,"gwinfo@gov.ab.ca",0,2059600,2059699,2059607
24166,"PETERSON, CLARENCE",,,,,,,0,,,
24167,"SEIS-TEST",,,,,,,0,,,
24168,"WARD E DRLG CO LTD",,,,,,,0,,,
24169,"UNIVERSAL DRILLING","RR 1","THREE HILLS","AB","CA","T0M 2A0","gwinfo@gov.ab.ca",0,2023500,2023549,2023500
24170,"GUZYK WILLIAM",,,,,,,0,,,
24171,"BURGESS, GEORGE WELL DRILLING LTD.",,,,,,,0,,,
24172,"CABAY DRLG SERVICE",,,,,,,0,,,
24173,"PARSONS DRLG",,,,,,,0,,,
24174,"SCHLAGL GAS & OIL",,,,,,,0,,,
24176,"STARKEY DRILLING",,,,,,,0,,,
24177,"MCNIVEN BROS",,,,,,,0,,,
24178,"IWS DRILLING ALBERTA LTD.",,,,,,,0,,,
24179,"CHORNEY WATER WELL DRILLING LTD.","BOX 4 SITE 4","ST. LINA","AB","CA","T0A 2Z0","chorneywwdltd@mcsnet.ca",1,1185000,1189999,1185209
24180,"MEASURES, CLARK DRILLING","BOX 161","BARRHEAD","AB","CA","T0G 0E0","gwinfo@gov.ab.ca",0,1919000,1919099,1919001
24181,"SPENCE, J.P.",,,,,,,0,,,
24182,"MISYK DRILLING","BOX 175","BRUCE","AB","CA","T0B 0R0","gwinfo@gov.ab.ca",0,1530000,1534999,1530006
24183,"DICKAU HOWARD F","GENERAL DELIVERY","PONOKA","AB","CA",,"gwinfo@gov.ab.ca",0,2059100,2059199,
24184,"HANSEN PETER E",,,,,,,0,,,
24186,"WAREHIME, JACK DRILLING","GENERAL DELIVERY","BARRHEAD","AB",,,"gwinfo@gov.ab.ca",0,2090000,2090099,2090001
24189,"WAREHIME ROSS D",,,,,,,0,,,
24190,"HENNING DRILLING LTD.",,,,,,,0,,,
24192,"ROCKY MOUNTAIN DRILLING CO.",,,,,,,0,,,
24193,"AQUARIUS EXPLORATION LTD.",,,,,,,0,,,
24194,"MORRILL'S WATER WELL DRILLING LTD.","SITE 422, BOX 2, COMP. 3, RR 2","DRAYTON VALLEY","AB","CA","T7A 2A2","gwinfo@gov.ab.ca",1,1545000,1549999,1546350
24195,"RICHMOND WW DRLG",,,,,,,0,,,
24196,"BRADSHAW DM & SONS",,,,,,,0,,,
24197,"CHINN JULIAN S",,,,,,,0,,,
24198,"JIMS DRLG",,,,,,,0,,,
24199,"BARNARD W T",,,,,,,0,,,
24200,"DOWNEY JAMES R",,,,,,,0,,,
24201,"ELK POINT DRILLING CORP.","BOX 3790","SPRUCE GROVE","ALBERTA","CANADA","T7X 3B1","trinidy@elkpointdrilling.com",1,1270000,1274999,1270651
24202,"FORESTER, AUGUST R.",,,,,,,0,,,
24203,"HOSTYN DRILLING CO. LTD.",,,,,,,0,,,
24204,"SEISFORM DRLG LTD",,,,,,,0,,,
24207,"MEDICINE VALLEY WATER WELLS","RR 3","ECKVILLE","AB","CA","T0M 0X0","gwinfo@gov.ab.ca",0,1510000,1514999,1510032
24208,"MOOSE DRILLING LTD.",,,,,,,0,,,
24209,"WHILLANS JERALD",,,,,,,0,,,
24211,"GOODISON WATER WELL DRILLING",,,,,,,0,,,
24212,"LARSGARD, GEORGE",,,,,,,0,,,
24213,"PRIER HERBERT A",,,,,,,0,,,
24214,"SATELLITE DRILLING LTD.",,,,,,,0,,,
24215,"TERRY'S WATER WELLS (1980) LTD.","BOX 7447","EDSON","AB","CA","T7E 1W6","gwinfo@gov.ab.ca",0,2059700,2059799,2059711
24216,"WATKINS SANFORD",,,,,,,0,,,
24218,"IRMC WATER WELL SERVICE & SUPPLY CO. LTD.",,,,,,,0,,,
24219,"MCISAAC GARRY N",,,,,,,0,,,
24220,"ROBSCO DRLG",,,,,,,0,,,
24221,"MILLER, STANLEY","9015 - 94 ST","EDMONTON","AB","CA","T6C 3V3","gwinfo@gov.ab.ca",0,1525000,1529999,
24222,"R&D WW BORING",,,,,,,1,10066000,10070999,10066019
24223,"RUBIK JOHN",,,,,,,0,,,
24224,"DOUBLE S DRILLING",,,,,,,0,,,
24225,"SCOTT, H.A. DRILLING","BOX 101","TOMAHAWK","AB","CA",,"gwinfo@gov.ab.ca",0,2060200,2060299,2060200
24226,"GERRITSEN, PETER WATER WELL DRILLING",,,,,,,0,,,
24227,"M&M DRILLING CO. LTD.","BOX 1, SITE 22, RR 2","STRATHMORE","AB","CA","T1P 1K5","murraywh@mmdrilling.ca",1,1475000,1479999,1477040
24228,"BUFFALO LAKE DRILLING","BOX 654","PEACE RIVER","AB","CA",,"gwinfo@gov.ab.ca",0,2098150,2098199,2098157
24229,"KALICUM FRED V",,,,,,,0,,,
24230,"LADCO EXPLORATION CO. LTD.",,,,,,,0,,,
24231,"B&W LAKEVOLD DRILLING",,,,,,,0,,,
24232,"PETERSON DRILLING (1977)","BOX 101","COLINTON","AB","CA",,"GWINFO@GOV.AB.CA",0,1935900,1935999,1935901
24233,"RAFFA DRLG",,,,,,,0,,,
24234,"SUCHY STEVE","BOX 265","HOLDEN","AB","CA",,"gwinfo@gov.ab.ca",0,2059900,2059999,2059900
24236,"TAP WW DRLG",,,,,,,0,,,
24237,"PEDERSEN PEDER",,,,,,,0,,,
24238,"HI-RATE DRILLING 1985 LTD.","BOX 1324","STETTLER","AB","CA","T0C 2L0","GWINFO@GOV.AB.CA",0,1365000,1369999,1365022
24239,"TIZZARD DRILLING LTD.","BOX 7894","BONNYVILLE","AB","CA","T9N 2J2","gwinfo@gov.ab.ca",0,1745000,1749999,1745047
24240,"LIN MURRAY DRILLING",,,,,,,0,,,
24241,"BIG IRON DRILLING LTD.","9336 - 37 AVENUE","EDMONTON","AB","CA","T6E 5K3","bigiron@bigirondrilling.com",1,1130000,1134999,1131497
24242,"MJOLSNESS, J.",,,,,,,0,,,
24243,"SCHMIDT DRILLING LTD.","RR 2, SITE 16, BOX 16","PONOKA","ALBERTA","CANADA","T4J 1R2","gwinfo@gov.ab.ca",1,1670000,1674999,1670271
24244,"KC DRILLING (LEDUC)",,,,,,,0,,,
24245,"MORTENSEN HARRY",,,,,,,0,,,
24246,"B&W DRLG",,,,,,,0,,,
24247,"MCAULEY DRILLING CO. LTD.","5930 96 STREET","EDMONTON","AB",,,"gwinfo@gov.ab.ca",1,2098000,2098010,2098010
24248,"BENGTSON CODY",,,,,,,0,,,
24249,"OTTO SCHADECK DRILLING","BOX 186","TOMAHAWK","AB","CA","T0E 2H0","gwinfo@gov.ab.ca",0,1984800,1984899,
24250,"PARSONS DRLG&PUMPING",,,,,,,0,,,
24251,"GORDON'S DRILLING LTD.","RR #2","LEDUC","AB","CA","T9E 2X2","GGDRILL@LIVE.COM",1,1320000,1324999,1320322
24252,"W. CHAPPELL DRILLING","BOX 8, SITE 503, RR 5","STONY PLAIN","AB","CA","T7Z 1X5","gwinfo@gov.ab.ca",0,1850400,1850499,1850400
24253,"TINDALL, W. WATER WELLS",,,,,,,0,,,
24254,"ALL RITE DRILLING LTD.","7819 - 50 AVENUE","RED DEER","AB","AB",,"gwinfo@gov.ab.ca",1,2059200,2059299,2059205
24255,"COMFORT DRLG",,,,,,,0,,,
24256,"TRANS PROVINCIAL DRILLING LTD.","BOX 758","CLARESHOLM","AB","CA","T0L 0T0","gwinfo@gov.ab.ca",1,1765000,1769999,1765014
24260,"PLATZ, A. WELL DRILLING",,,,,,,0,,,
24261,"TYNDALL DRLG HOWARD",,,,,,,0,,,
24262,"HILLER, ERNEST (JACK)","BOX 58","HAY LAKES","AB","CA","T0B 2W0","GWINFO@GOV.AB.CA",0,1360000,1364999,
24263,"VANDRIESTEN WM",,,,,,,0,,,
24264,"FLINN DRILLING LTD.","GENERAL DELIVERY","LACOMBE","AB","CA",,"gwinfo@gov.ab.ca",0,2057900,2057999,2057902
24265,"HOVIS ERNEST R",,,,,,,0,,,
24266,"JAMES, WILLARD",,,,,,,0,,,
24267,"SANDO DRILLING LTD.",,,,,,,0,,,
24268,"SOUTHERN ALTA",,,,,,,0,,,
24269,"TAKS & SONS DRILLING LTD.","BOX 552","CROSSFIELD","AB","CA","T0M 0S0","gwinfo@gov.ab.ca",1,1725000,1729999,1725073
24270,"ERICKSON DRILLING",,,,,,,0,,,
24271,"BECKER DRILLS",,,,,,,0,,,
24272,"BIG COUNTRY DRILLING LTD.",,,,,,,0,,,
24273,"PAPLEY DRILLING LTD.","RR 2","LEDUC","AB","CA","T9E 2X2","ljacks@xplornet.com",1,1575000,1579999,1577242
24274,"SHANK DAVE & SONS",,,,,,,0,,,
24275,"KALIN DAVE & SON",,,,,,,0,,,
24276,"MOUNTAIN HILL DRILLING","BOX 114","BASHAW","AB","CA","T0B 0H0","gwinfo@gov.ab.ca",0,1550000,1554999,1550015
24277,"GROVE DRILLING ENTERPRISES (1980) LTD.",,,,,,,0,,,
24278,"SUNSHINE DRILLING LTD.","BOX 261","SANGUDO","AB","CA","T0E 2A0","gwinfo@gov.ab.ca",0,1720000,1724999,1720085
24279,"EDELMAN DRLG",,,,,,,0,,,
24280,"PANKY'S CONSOLIDATED LTD.","P.O. BOX 5344","DRAYTON VALLEY","AB","CA","T0E 0M0","loispankewicz@gmail.com",1,1570000,1574999,1570050
24281,"GAVOL JOE",,,,,,,0,,,
24282,"SERVOLD & SONS DRILLING","133 SASKATCHEWAN AVE","DEVON","AB","CA","T9G 1C9","gwinfo@gov.ab.ca",1,1685000,1689999,1685033
24283,"DEANS WW DRLG",,,,,,,0,,,
24284,"ROBERT, A. WATER WELL DRILLING LTD.",,,,,,,0,,,
24285,"TURNER VALLEY WW",,,,,,,0,,,
24286,"JAMES & SON",,,,,,,0,,,
24287,"WARNER'S WATER SERVICE",,,,,,,0,,,
24288,"DOERING DRILLING LTD.","BOX 4028","OLDS","AB","CA","T4H 1P6","GWINFO@GOV.AB.CA",0,1245000,1249999,1245342
24289,"PARADIS BROS WW",,,,,,,0,,,
24290,"L&C DRLG",,,,,,,0,,,
24291,"GRANT COMFORT ENTERPRISES LTD.","BOX 463","THORHILD","AB","CA","T0A 3J0","GWINFO@GOV.AB.CA",0,1325000,1329999,1325021
24292,"SHERWOOD PARK",,,,,,,0,,,
24293,"MCGINNIS ROBERT",,,,,,,0,,,
24294,"HENLINE, GEORGE",,,,,,,0,,,
24296,"FAWCETT, CHARLES",,,,,,,0,,,
24297,"KRIEGER DRILLING LTD.","RR 6","CALGARY","AB","CA","T2M 4L5","gwinfo@gov.ab.ca",1,1904300,1904399,1904303
24298,"ROCKNEY NORMAN A",,,,,,,0,,,
24299,"BROWN HARRY",,,,,,,0,,,
24301,"K&M WW DRLG",,,,,,,0,,,
24302,"LARSEN CALVIN",,,,,,,0,,,
24303,"QUINLAN J THOMAS",,,,,,,0,,,
24304,"DANIELLS, BRUCE K.",,,,,,,0,,,
24305,"KENS DRLG",,,,,,,0,,,
24306,"ANDERSON DRILLING CO. LTD.",,,,,,,0,,,
24307,"THOMAS WELL DRLG",,,,,,,0,,,
24309,"B&R WATE&SEISMIC",,,,,,,0,,,
24310,"HANSEN DRLG",,,,,,,0,,,
24311,"SHUMANSKY WATER WELL SERVICES LTD.","15956 - 88 ST","EDMONTON","AB","CA","T5Z 3J1","ETOWNDRILLER@SHAW.ca",1,1690000,1694999,1690237
24313,"DOUBLE B WATER WELL DRILLING",,,,,,,0,,,
24314,"NELSON DRILLING & PLUMBING",,,,,,,0,,,
24315,"HART DRLG LTD",,,,,,,0,,,
24316,"DOUBLE C DRLG",,,,,,,0,,,
24317,"MOORE, DENNIS RAYMOND",,,,,,,0,,,
24318,"STENSTROM, HENRY J.",,,,,,,0,,,
24319,"STUART DRILLING & WATER WELL SERVICE",,,,,,,0,,,
24320,"EXCELL DRLG",,,,,,,0,,,
24322,"SCHOENING, JAMES A.",,,,,,,0,,,
24323,"FRIESEN DRLG",,,,,,,0,,,
24324,"KENS AIRTECH SERVICE",,,,,,,0,,,
24325,"KAP'S DRILLING LTD.",,,,,,,0,9891000,9895999,9891000
24326,"PORTMANN DRLG",,,,,,,0,,,
24327,"POTTER DRLG",,,,,,,0,,,
24328,"A&C WATER WELL DRILLING","BOX 6496","BONNYVILLE","AB","CA","T9N 2H1","ardellm@mcsnet.ca",1,1015000,1019999,1015198
24329,"KINSHELLA LEO J",,,,,,,0,,,
24330,"SYLVAN LAKE DRLG",,,,,,,0,,,
24331,"SUTTON DRLG",,,,,,,0,,,
24334,"SMITTY'S WW SVC LTD",,,,,,,0,,,
24335,"WHISPERING HILLS DRILLING","BOX 1859","ATHABASCA","AB","CA","T9S 2B5","gwinfo@gov.ab.ca",1,1800000,1804999,1800057
24336,"PRAIRIE TO PINE",,,,,,,0,,,
24338,"MARTIN, J. WATER WELLS",,,,,,,0,,,
24339,"LIBCAP INDUSTRIES LT",,,,,,,0,,,
24341,"LBR CONTRACTORS LTD.",,,,,,,0,,,
24343,"ST PAUL DRLG",,,,,,,0,,,
24345,"T-CAR HOLDINGS LTD.","1542 66 STREET","EDSON","ALBERTA","CANADA","T7E 1S4","swestoil@telus.net",0,2020200,2021999,2020303
24346,"JODEN DRILLING LTD.",,,,,,,0,,,
24347,"SKY LINE DRLG LTD","GENERAL DELIVERY","RED DEER","AB","CA",,"gwinfo@gov.ab.ca",0,2059500,2059599,2059502
24348,"ROBERTSON DAVE L",,,,,,,0,,,
24349,"RANKIN DRILLING","BOX 403","BOWDEN","AB","CA","T0M 0K0","gwinfo@gov.ab.ca",1,1625000,1629999,1625439
24350,"BENN, W. ENTERPRISES LTD.",,,,,,,0,,,
24351,"NORMAN DRLG LTD",,,,,,,0,,,
24355,"DOWNEY DRILLING",,,,,,,0,,,
24356,"QUALITY WW DRLG",,,,,,,0,,,
24357,"LANDO ENTERPRISES LTD.",,,,,,,0,,,
24358,"HANEY JAMES E",,,,,,,0,,,
24359,"COUNTRYSIDE DRILLING","RR 1","PICKARDVILLE","AB","CA","T0G 1W0","GWINFO@GOV.AB.CA",0,1215000,1219999,1215055
24360,"WIDDOWS DRLG LTD",,,,,,,0,,,
24361,"J & R DRLG",,,,,,,0,,,
24362,"RULE TRUCKING",,,,,,,0,,,
24363,"JONES & JONES DIGGIN",,,,,,,0,,,
24364,"GRANVILLE RESOURCES LTD.",,,,,,,0,,,
24365,"GARRITTY & BAKER DRILLING (1979) LTD.",,,,,,,0,,,
24367,"PRO DRLG & WW SVC",,,,,,,0,,,
24369,"BIG QUILL DRILLING LTD.",,,,,,,0,,,
24370,"TRYWAY DRLG LTD",,,,,,,0,,,
24371,"GLENS DRLG",,,,,,,0,,,
24372,"ALBERTA ENVIRONMENT/EARTH SCIENCES DIVISION","9820-106 ST, OXBRIDGE PLACE","EDMONTON","AB","CA","T5K 2J6","gwinfo@gov.ab.ca",0,1827800,1827899,1827875
24373,"CLARKE JIM WW DRLG",,,,,,,0,,,
24374,"GREENE FARMS DRILLING LTD.","BOX 277","MEDICINE HAT","AB","CA","T1A 7G1","GWINFO@GOV.AB.CA",1,2062500,2062999,1879912
24375,"ROSE COUNTRY DRLG",,,,,,,0,,,
24376,"CARIBOO WATER WELLS LTD.","BOX 2265","PRINCE GEORGE","BRITISH COLUMBIA","CA","V2N 2J8","GWINFO@GOV.AB.CA",1,1180000,1184999,1180029
24377,"E&R DUCHESNE",,,,,,,0,,,
24378,"SPRING WATER DRLG CO",,,,,,,0,,,
24379,"ALBERTA EAGLE DRILLING LTD.","BOX 9036","SYLVAN LAKE","AB","CA","T4S 1S6","GWINFO@GOV.AB.CA",1,1045000,1049999,1045277
24380,"WICKENS WATERWELL DRILLING CO. LTD.",,,,,,,0,,,
24381,"KERN WATER WELL LTD.",,,,,,,0,,,
24382,"JENSEN CC EXP LTD",,,,,,,0,,,
24384,"WHITEBRUSH DRLG",,,,,,,0,,,
24385,"CORA LYNN DRILLING CO. LTD.","BOX 2, SITE 18, RR 2","STRATHMORE","AB","CA","T1P 1K5","GWINFO@GOV.AB.CA",0,1210000,1214999,1210001
24386,"BRANDON DRILLING LTD.",,,,,,,0,,,
24387,"LARSON'S WATERWELL SERVICING LTD.","P.O. BOX 61","LOUGHEED","AB","CA","T0B 2V0","office@larsonswaterwell.com",1,1435000,1439999,1435519
24388,"PARSONS BROS. WATER WELLS",,,,,,,0,,,
24389,"EARNEST WATER WELL DRILLING LTD.","BOX 1930","VEGREVILLE","AB","CA","T9C 1T2","GWINFO@GOV.AB.CA",0,1265000,1269999,1265108
24390,"GRIMSHAW WATER WELL DRILLING LTD.",,,,,,,0,,,
24391,"K&W WATER WELL DRILLING LTD.",,,,,,,0,,,
24392,"CHINOOK WATERWELLS LTD.",,,,,,,0,,,
24393,"K & V CAISSON LTD",,,,,,,0,,,
24396,"PRAIRIE FARM REHABILITATION ADMINISTRATION",,,,,,,0,,,
24397,"SOUTH COUNTRY DRILLING LTD.",,,,,,,0,,,
24398,"RIGHT-WAY CONST WW",,,,,,,0,,,
24399,"ALDER W W DRLG LTD","BOX 43","LESLIEVILLE","AB","CA","T0M 1T0","gwinfo@gov.ab.ca",0,2059400,2059499,2059400
24400,"H&H DRILLING",,,,,,,0,,,
24401,"MARTIN A DRLG",,,,,,,0,,,
24402,"WESTERN HYDRO-AIR DRILLING LTD.",,,,,,,0,,,
24403,"PETERSEN WATER DRILLING SERVICES LTD.",,,,,,,0,,,
24404,"ASHMONT WATER WELL DRILLING LTD.",,,,,,,0,,,
24405,"BAKER WATER WELLS","BOX 212","Turner Valley","AB","CA","T0L 2A0",,0,1115000,1119999,1115244
24406,"CANADIAN GEOLOGICAL DRILLING","15107 - 117 Avenue","Edmonton","AB","CA",,,1,9941000,9945999,9941013
24407,"ALBERTA AGRICULTURE/LAND EVALUATION & RECLAMATION BRANCH",,,,,,,0,,,
24408,"LORALTA DRILLING LTD.",,,,,,,0,,,
24410,"BOYD'S WATER WELL DRILLING",,,,,,,0,,,
24411,"CHALIFOUX DRLG",,,,,,,0,,,
24412,"HERTZ DRILLING COMPANY LTD.",,,,,,,0,,,
24413,"ALBERTA SOUTHERN EXPLORATION DRILLING LTD.",,,,,,,1,10176000,10180999,
24414,"DAN'S WATER WELL","BOX 444","BONNYVILLE","AB","CA","T0A 0L0","gwinfo@gov.ab.ca",0,1857500,1857599,1857500
24415,"FRASER, JACK",,,,,,,0,,,
24416,"CLOVER VALLEY DRG",,,,,,,0,,,
24417,"MAGNUM DRLG",,,,,,,0,,,
24420,"CRYSTAL WATER DRLG",,,,,,,0,,,
24421,"TANGEDAL DRILLING LTD.","BOX 1","ATHABASCA","AB","CA","T9S 2A2","gwinfo@gov.ab.ca",0,9481000,9485999,1967620
24422,"THROOP DRILLING","RR 1","BASHAW","AB","CA","T0B 0H0","gwinfo@gov.ab.ca",0,1740000,1744999,
24423,"SIMPSON DRILLING LTD.",,,,,,,0,,,
24424,"JIM'S DRILLING","RR 1","MILLET","AB","CA","T0C 1Z0","GWINFO@GOV.AB.CA",0,1390000,1394999,1390002
24427,"CRYSTAL DRILLING LTD",,,,,,,0,,,
24428,"ALKEN BASIN DRILLING LTD.","BOX 9 Site 1, RR 4","Red Deer County ","AB","CANADA","T4N 5E4","jeffd@alkenbasindrilling.com",1,1065000,1069999,1067653
24429,"MAHAR, VERN DRILLING SERVICES",,,,,,,0,,,
24430,"HILL'S DRILLING",,,,,,,0,,,
24431,"COVERDALE'S DRILLING",,,,,,,0,,,
24432,"CHALLENGE WATER WELL DRILLING (1984)",,,,,,,0,,,
24433,"BERNWAY ENTERPRISES LTD.","BOX 225","CREMONA","AB","CA","T0M 0R0","GWINFO@GOV.AB.CA",0,1839200,1839299,1839204
24434,"RANGELINE DRILLING LTD.",,,,,,,0,,,
24435,"J.C. DRILLING","BOX 5291","LACOMBE","AB","CA","T4L 1W9","GWINFO@GOV.AB.CA",1,1380000,1384999,1380196
24436,"JRBT DRILLING LTD.",,,,,,,0,,,
24437,"GENETH CONSTRUCTION/DIVISION OF 305-137 ALBERTA LTD.",,,,,,,0,,,
24438,"DOGWOOD DRILLING LTD.",,,,,,,0,,,
24439,"MJOLSNESS LORRIS",,,,,,,0,,,
24441,"VULCAN WATER WELL",,,,,,,0,,,
24442,"LITTLE BUDDY WATERWELLS",,,,,,,0,,,
24443,"263423 ALBERTA LTD.","UNKNOWN",,,,,"gwinfo@gov.ab.ca",0,9000000,9000001,
24445,"BARBIC DRILLING",,,,,,,0,,,
24448,"SPRINGWATER DRILLING & BORING",,,,,,,0,,,
24449,"WENGER (D) DRILLING",,,,,,,0,,,
24450,"SAWCHUK DRILLING",,,,,,,0,,,
24451,"STAVELY WATER WELLS",,,,,,,0,,,
24452,"RODCO DRILLING","BOX 5168","SPRUCE GROVE","AB","CA","T7X 3A3","RODCODRILLING@TELUS.NET ",1,1640000,1644999,1640766
24453,"MERV'S WATER WELL DRILLING",,,,,,,0,,,
24454,"INGLIS WATER WELL DRILLING","4006-36 AVE","LEDUC","AB","CA","T9E 6C7","GWINFO@GOV.AB.CA",0,1893000,1893099,
24455,"VINO'S WATER WELL DRILLING",,,,,,,0,,,
24458,"MCGINNIS DRILLING",,,,,,,0,,,
24459,"GRIMSTEAD'S ROUTE 22 WATER WELLS",,,,,,,0,,,
24460,"D&D WATER WELL DRILLING & SERVICING LTD.","BOX 12, SITE 502, RR 5","STONY PLAIN","AB","CA","T7Z 1X5","GWINFO@GOV.AB.CA",0,1230000,1234999,1230139
24461,"RIVERSIDE DRILLING",,,,,,,0,,,
24462,"318533 ALTA LTD.",,,,,,,0,,,
24463,"ALBERTA BORING & DRILLING",,,,,,,0,,,
24464,"NORTHERN WATER SUPPLY CO.",,,,,,,0,,,
24465,"HINTERLAND DRILLING",,,,,,,0,,,
24466,"RON'S WATER WELL DRILLING",,,,,,,0,,,
24467,"PARSONS, DON DRILLING",,,,,,,0,,,
24468,"SNETLER WATER WELL DRILLING LTD.","RR 4","CALMAR","AB","CA","T0C 0V0","gwinfo@gov.ab.ca",0,1695000,1699999,1695023
24469,"CODIAN WELL SERVICING (1980) CO. LTD.",,,,,,,0,,,
24470,"KGM ASSOC. AUGER LTD",,,,,,,0,,,
24471,"BABLITZ DRILLING",,,,,,,0,,,
24472,"LASH DRILLING",,,,,,,0,,,
24473,"WINCZURA DRILLING",,,,,,,0,,,
24474,"MANORA DRILLING SERVICE",,,,,,,0,,,
24476,"DORSAY DRILLING SERVICES LTD.","BOX 29","PERRYVALE","AB","CA","T0G 1T0","GWINFO@GOV.AB.CA",0,1255000,1259999,
24477,"G&S WATER WELL SERVICING",,,,,,,0,,,
24478,"PARKLAND DRILLING LTD.","BOX 6235","BONNYVILLE","AB","CA","T9N 2G8","duchesne@mcsnet.ca",1,1580000,1584999,1580787
24479,"BORDER DRILLING CO. LTD.",,,,,,,0,,,
24481,"CAMARO DRILLING LTD.",,,,,,,0,,,
24482,"NORTH WEST WATER WELLS",,,,,,,0,,,
24483,"PARSONS DRILLING",,,,,,,0,,,
24484,"DENHAM, HUGH DRILLING",,,,,,,0,,,
24485,"GF WATERWELLS",,,,,,,0,,,
24486,"CAL WEST WATER WELL DRILLING LTD.",,,,,,,0,,,
24487,"DJ DRILLING CAMROSE",,,,,,,0,,,
24488,"HOMMY, WAYNE",,,,,,,0,,,
24489,"RADIUM WELL SERVICE",,,,,,,0,,,
24491,"TOM MEASURES DRILLING","5816 - 53 AVE","BARRHEAD","AB","CA","T7N 1C2","gwinfo@gov.ab.ca",1,1760000,1764999,1760363
24492,"THREEWAY DRILLING INC.",,,,,,,0,,,
24493,"AMA DRILLING/DIVISION OF HILL & PARSONS WATER WELLS LTD.","RR3, SITE 5, BOX 8","RED DEER","AB","CA","T4N 5E3","GWINFO@GOV.AB.CA",0,2023101,2023200,2023150
24494,"WHITELINE OILFIELD RENTALS",,,,,,,0,,,
24495,"HOPPER WATER WELL DRILLING LTD.","11031 - 92 AVENUE","GRANDE PRAIRIE","AB","CA","T8V 3J3","GWINFO@GOV.AB.CA",1,1375000,1379999,1375500
24496,"MCALLISTER HOLDINGS LTD.",,,,,,,0,10101000,10105999,10101001
24497,"MCALLISTER WATERWELLS LTD.",,,,,,,1,10016000,10020999,10016002
24501,"ALL TYPE PUMP & WATER WELL SERVICES","BOX 229, RR6, LDC DELTON","EDMONTON","AB","CA","T4V 4K3",,0,1826000,1826099,
24502,"Double R Drilling Co. Ltd.",,,,,,,0,,,
24503,"DOLLMAN'S WATER WELL DRILLING INC.","BOX 345","PINCHER CREEK","AB","CA","T0K 1W0","dwwdinc@gmail.com",1,1250000,1254999,1251070
24504,"SEDCO DRILLING/BOW VALLEY RESOURCE SERVICES LTD.",,,,,,,0,,,
24505,"VOGEL, LAWRENCE",,,,,,,0,,,
24506,"WESTAR WATER WELL DRILLING LTD.","BOX 57188 2020 SHERWOOD DRIVE","SHERWOOD PARK","AB","CA","T8A 5L7","ADMIN@WESTARDRILLING.CA",1,1795000,1799999,1795665
24507,"TRIPLE R DRILLING",,,,,,,0,,,
24508,"MARSHALL, WALLY ENTERPRISES LTD.",,,,,,,0,,,
24509,"DRILLING 4U LTD.",,,,,,,0,,,
24510,"UHL DRILLING LTD.","BOX 1197","CLARESHOLM","AB","CA","T0L 0T0","gwinfo@gov.ab.ca",1,1770000,1774999,1770308
24511,"PETER NIEMANS WATER WELL DRILLING","BOX 5024","HIGH RIVER","AB","CA","T1V 1M3","doug@pnwwd.com",1,1610000,1614999,1611304
24512,"WALKER DRILLING LTD.",,,,,,,0,,,
24516,"R.U. DRILLING LTD.",,,,,,,0,,,
24517,"AQUA BORING LTD.","148 20 ST NE","MEDICINE HAT","AB","CA","T1C 1S1","AQUABOB@XPLORNET.COM",0,2027100,2027999,1831726
24519,"SIMON'S DRILLING & PLUMBING INC.",,,,,,,0,,,
24520,"PARSONS, DELBERT",,,,,,,0,,,
24521,"COBOB PUMPS & SERVICES LTD.","51517 RANGE ROAD 275","STONY PLAIN","AB","CA","T7Z 1Z5","GWINFO@GOV.AB.CA",0,1205000,1209999,1205052
24522,"RISLING DRILLING",,,,,,,0,,,
24523,"RENO DRILLING",,,,,,,0,,,
24524,"GREEN-TEE WATER WELLS",,,,,,,0,,,
24525,"SHORTY'S WATER WELL DRILLING",,,,,,,0,,,
24527,"FRED'S WATER WELL DRILLING 1989",,,,,,,0,,,
24528,"DOLOMITE DRILLING",,,,,,,0,,,
24529,"BHP PETROLEUM (CANADA) INC.",,,,,,,0,,,
24530,"RURAL WATER WELL SERVICES (1983) LTD.",,,,,,,0,,,
24531,"AMA DRILLING (SASK.) LTD.",,,,,,,0,,,
24532,"NIELSEN DRILLING COMPANY (1984) LTD.",,,,,,,0,,,
24534,"RED ARROW DRILLING LTD.",,,,,,,0,,,
24535,"BIG ROCK WATER WELL DRILLING",,,,,,,0,,,
24537,"R.D. DRILLING",,,,,,,0,,,
24538,"GREAT WEST DRILLING LTD.","5724-1 ST SW","CALGARY","AB","CA","T2H 0E2","GWINFO@GOV.AB.CA",1,1335000,1339999,
24539,"FEHR DRILLING",,,,,,,0,,,
24540,"ROCKYVIEW DRILLING LTD.","BOX 226","BALZAC","AB","CA","T0M 0E0","gwinfo@gov.ab.ca",0,1635000,1639999,1635040
24542,"R&L BIO GAS LTD.",,,,,,,0,,,
24545,"AERO DRILLING & CONSULTING LTD.","BOX 263","BENTLEY","AB","CA","T0C 0J0","GWINFO@GOV.AB.CA",0,1035000,1039999,1035484
24546,"RRR DRILLING",,,,,,,0,,,
24547,"K.J. POLLUTION TESTING & LEASING LTD.","BOX 263","BENTLEY","AB","CA","T0C 0J0","GWINFO@GOV.AB.CA",0,1400000,1404999,
24548,"SAVILLE DRILLING LTD.","P.O. BOX 636","VALLEYVIEW","AB","CA","T0H 3N0","BSAVILLE@ZOOMLA.CA",0,1665000,1669999,1665966
24549,"PAT MURRAY WATER WELL DRILLING","BOX 3","DRUMHELLER","AB","CA","T0J 0Y0","gwinfo@gov.ab.ca",0,1595000,1599999,1595006
24551,"ALBERTA ENVIRONMENT/WASTE & CHEMICALS DIVISION",,,,,,,0,,,
24553,"WASON WATER WELLS",,,,,,,0,,,
24556,"PEE WEE DRILLING (2004) LTD.","RR 1","CALGARY","ALBERTA","CANADA","T4B 2A3","dkondrat@pathcom.ca",0,1600000,1604999,1600272
24557,"A&J WATER WELL SERVICES LTD.",,,,,,,0,,,
24558,"BARRHEAD DRILLING 1991 LTD.",,,,,,,0,,,
24560,"ALBERTA ENVIRO DRILLING LTD.",,,,,,,0,,,
24563,"RUSSELL'S WATERWELL DRILLING","4409-46 AVENUE","ST. PAUL","AB","CA","T0A 3A3","gwinfo@gov.ab.ca",0,1655000,1659999,1655039
24564,"BLACKWOOD DRILLING LTD.","BOX 53","DE WINTON","ALBERTA","CANADA","T0L 0X0","info@blackwooddrilling.ca",0,1140000,1144999,1140444
24565,"GRIZZLEY ENTERPRISES","BOX 113","ST. LINA","AB","CA","T0A 2Z0","GWINFO@GOV.AB.CA",0,1340000,1344999,1340025
24566,"PAP RESOURCES",,,,,,,0,,,
24567,"SPETH DRILLING 1989 LTD.",,,,,,,0,,,
24568,"MARTIN DRILLING",,,,,,,0,10021000,10025999,10021000
24569,"ACREAGE WATER SYSTEMS",,,,,,,0,,,
24570,"DRIVE WELL SERVICING LTD.",,,,,,,0,,,
24571,"PARSONS DRILLING 1992",,,,,,,0,,,
24573,"JR WATERWELLS INC.",,,,,,,0,,,
24574,"ACCESS WATERWELLS INC.","BOX 7297","EDSON","AB","CA","T7E 1V5","grant@ACCESSWATERWELLS.COM",1,1025000,1029999,1025697
24575,"HOLLAND WATER WELLS","RR 2","NEW SAREPTA","AB","CA","T0B 3M0","GWINFO@GOV.AB.CA",1,1370000,1374999,1370672
24579,"JONES, B. WATERWELLS",,,,,,,0,,,
24580,"PELLETIER DRILLING",,,,,,,0,,,
24581,"ANDREWS & SONS DRILLING LTD.","BOS 26040 RPO NORTHGATE","REGINA","SASKATCHEWAN","CA","S4R 8R7","andrewsdr@sasktel.net",1,1090000,1094999,1090005
24582,"PETERSEN AQUATECH DRILLING LTD.","BOX 108","LA GLACE","AB","CA","T0H 2J0","gwinfo@gov.ab.ca",0,1615000,1619999,1615046
24583,"PLUNET, ERNEST",,,,,,,0,,,
24584,"SOUTHERN ALBERTA DRILLING & SERVICING CO. LTD.","BOX 1504","LETHBRIDGE","AB","CA","T1J 4K2","gwinfo@gov.ab.ca",1,1705000,1709999,1705003
24585,"LIFEWATER DRILLING","BOX 913","BOW ISLAND","AB","CA","T0K 0G0","gwinfo@gov.ab.ca",0,1455000,1459999,1455034
24586,"ALVIN'S WATER WELL DRILLING & SERVICE","BOX 7 SITE 13 RR 2","ROCKY MOUNTAIN HOUSE","AB","CA","T0M 1T0","GWINFO@GOV.AB.CA",0,1080000,1084999,1080001
24587,"WEBSTER DRILLING","BOX 956","TURNER VALLEY","AB","CA","T0L 2A0","gwinfo@gov.ab.ca",0,1790000,1794999,1790009
24588,"MAHAR, JOSEPH E.",,,,,,,0,,,
24589,"ALBERTA ENVIRONMENTAL PROTECTION/TECHNICAL SERVICES DIVISION","9820 - 106 STREET","EDMONTON","AB","CA","T5K 2J6","gwinfo@gov.ab.ca",0,2059000,2059099,2059024
24593,"SMOKY LAKE WELL BORING AND SERVICE",,,,,,,0,,,
24594,"TRIPLE M DRILLING",,,,,,,0,,,
24595,"MOBILE AUGERS AND RESEARCH LTD.","5603 - 54 STREET","EDMONTON","AB",,"T6B 3G8","administration@mobileaugers.com",1,2088000,2088199,2088014
24598,"ASHBURN DRILLING LTD.","BOX 7834","EDSON","AB","CA","T7E 1V9","john@ashburndrilling.com",1,1105000,1109999,1108079
24599,"TALL PINE DRILLING LTD.","BOX 700","BENTLEY","AB","CA","T0C 0J0","gwinfo@gov.ab.ca",1,1735000,1739999,1736080
24600,"ACTION WATER WELLS LTD.","RR 3","WETASKIWIN","AB","CA","T9A 1X1","actionwaterwells@hotmail.com",1,1030000,1034999,1030540
24602,"MANNVILLE WATER WELL SERVICES LTD.","BOX 249","MANNVILLE","AB","CA","T0B 2W0","gwinfo@gov.ab.ca",1,1485000,1489999,1485176
24604,"ACE DRILLING","BOX 162","BROCK","SK","CA","S0L 0H0","gwinfo@gov.ab.ca",0,1826300,1826399,1826300
24606,"KEN & JERRI'S WATER WELL DRILLING & SERVICES",,,,,,,0,,,
24607,"ANDERSON AIR DRILLING LTD.",,,,,,,0,,,
24608,"CRAIG WATERWELL & DRILLING LTD.","BOX 7983","EDSON","AB","CA","T7E 1W2","CWWD@TELUS.NET",1,1220000,1224999,1220623
24609,"REGIONAL DRILLING CONTRACTORS",,,,,,,0,,,
24613,"MID-WEST DRILLING LTD.","6109 - 46 ST","LEDUC","AB","CA","T9E 6T8","gwinfo@gov.ab.ca",0,1520000,1524999,1520188
24615,"MERV & SONS WATER WELL DRILLING","BOX 584","VEGREVILLE","AB","CA","T9C 1R6","gwinfo@gov.ab.ca",0,1515000,1519999,1515165
24616,"MARTIN WATER WELLS","4605 - 49 AVE","VERMILION","AB","CA","T9X 1R6","gwinfo@gov.ab.ca",1,1490000,1494999,1490997
24617,"JAMES, W. G. WATER WELL DRILLING","48 COVINGTON RD, NE","CALGARY","AB","CA","T3K 4B1","GWINFO@GOV.AB.CA",0,1385000,1389999,
24621,"BECK DRILLING & ENVIRONMENTAL SERVICES LTD.","543 71 AVE SE","CALGARY","AB","CA","T2H 2Y2","GWINFO@GOV.AB.CA",1,1125000,1129999,1125074
24622,"OK RATHOLE DRILLING LTD.",,,,,,,0,,,
24624,"ALTAWEST PRESSURE CEMENTING LTD.",,,,,,,0,,,
24625,"PARSONS WATER WELL SERVICES","BOX 44","ABEE","AB","CA","T0A 0A0","gwinfo@gov.ab.ca",0,1585000,1589999,1585001
24626,"DWYER, PAT CONSTRUCTION INC.","BOX 38","LUNDBRECK","AB","CA","T0K 1H0","gwinfo@gov.ab.ca",0,2040000,2040199,2040009
24629,"PARSONS WATER WELLS LTD (o/a AMA Drilling)","37078 Range Road 270","RED DEER COUNTY","AB","CA","T4E 1K6","amadrill@platinum.ca",1,1590000,1594999,1590455
24630,"KLYMIUK WATER WELL DRILLING","BOX 1074","MANNING","AB","CA","T0H 2M0","gwinfo@gov.ab.ca",0,1410000,1414999,1410025
24631,"HILL,DWIGHT (752663 ALBERTA LTD.",,,,,,,0,,,
24632,"MIKE'S WATER WELL DRILLING",,,,,,,0,,,
24634,"KRAMPS, JEROME A.","RR 1","CROOKED CREEK","AB","CA","T0H 0Y0","gwinfo@gov.ab.ca",0,2020000,2020100,2020004
24635,"LAST CHANCE DRILLING","P.O. BOX 5208","LACOMBE","AB","CA","T4L 1W9","gwinfo@gov.ab.ca",0,1440000,1444999,1440004
24636,"LAYNE CHRISTENSEN CANADA LIMITED","1345 HIGHFIELD CRES SE","CALGARY","AB","CA","T2G 5N2","gwinfo@gov.ab.ca",0,1445000,1449999,1445004
24638,"Freeman Contracting Ltd.",,,,,,,0,,,
24639,"DEL'S REGIONAL DRILLING","151 VENTURA WAY, NE","CALGARY","AB","CA","T2E 8H3","gwinfo@gov.ab.ca",0,1859000,1859099,1859004
24644,"DU-ALL DRILLING","BOX 10","VALHALLA CENTRE","AB","CA","T0H 3M0","GWINFO@GOV.AB.CA",0,1820000,1824999,1820031
24645,"S & M WATER WELLS LTD.","BOX 3048","SHERWOOD PARK","AB","CA","T8A 2A6","gwinfo@gov.ab.ca",0,1660000,1664999,
24646,"WAYNE'S WATER WELL SERVICES","BOX 306","GRANUM","AB","CA","T0L 1A0","gwinfo@gov.ab.ca",0,1785000,1789999,1785017
24647,"GARE'S DRILLING","BOX 41","COWLEY","AB","CA","T0K 0P0","gwinfo@gov.ab.ca",0,1874700,1874799,1874702
24648,"FRASER WATER WELL TESTING LTD.","BOX 5535","LACOMBE","AB","CA","T4L 1X2","cjfraser@albertahighspeed.net",1,1285000,1289999,
24650,"ERDMAN CONSTRUCTION","BOX 1620","CLARESHOLM","AB","CA","T0L 0T0","GWINFO@GOV.AB.CA",0,1275000,1279999,1275052
24653,"LARSGARD WATER WELL DRILLING","RR 3","ROCKY MOUNTAIN HOUSE","AB","CA","T4T 2A3","gwinfo@gov.ab.ca",1,1430000,1434999,1430261
24654,"CULVER RESOURCES INC.","BOX 1234","CLARESHOLM","AB","CA","T0L 0T0","GWINFO@GOV.AB.CA",0,1225000,1229999,
24657,"GRASSLAND DRILLING INC.","BOX 1156","BROOKS","AB","CA","T1R 1B9","GWINFO@GOV.AB.CA",0,1330000,1334999,1330001
24659,"GERRITSEN DRILLING","BOX 187","ROCKYFORD","ALBERTA","CANADA","T0J 2R0","drilling@live.ca",1,1305000,1309999,1306027
24660,"HERTZ DRILLING INC.","BOX 879","CARSTAIRS","AB","CA","T0M 0N0","GWINFO@GOV.AB.CA",0,1355000,1359999,1355002
24661,"Lazy H Trail Company Ltd.",,,,,,,0,,,
24664,"TIZZARD K. WATER WELL","BOX 1","LA COREY","AB","CA","T0A 2E0","gwinfo@gov.ab.ca",0,1750000,1754999,1750228
24665,"C.W. DRILLING LTD.","BOX 696","RIMBEY","AB","CA","T0C 2J0","GWINFO@GOV.AB.CA",0,1160000,1164999,1160001
24669,"905379 ALBERTA INC. (KENT W. WILLNESS)","302, 10440 156 ST","EDMONTON","AB","CA","T5P 2R5","GWINFO@GOV.AB.CA",0,1005000,1009999,1005001
24671,"Adventure Drilling",,,,,,,0,,,
24673,"P. MACHIBRODA ENGINEERING LTD.","12114A - 163 STREET","EDMONTON","AB","CA","T5V 1H4","pmel.ab@machibroda.com",0,1567000,1569999,1567020
24679,"DRIFT EXPLORATION DRILLING","BOX 5155","HIGH RIVER","AB","CA","T1V 1M4","GWINFO@GOV.AB.CA",0,1260000,1264999,1260010
24683,"D.S. HOLDINGS","BOX 6093","INNISFAIL","AB","CA","T4G 1S7","GWINFO@GOV.AB.CA",0,1235000,1239999,1235005
24684,"WANGLER DRILLING LTD.","7938 CAMBIE RD","SALMON ARM","B.C.","CA","V1E 2Y6","gwinfo@gov.ab.ca",0,1775000,1779999,1775002
24686,"SCHNETTLER, GORDON","P.O. BOX 208","CALMAR","AB","CA","T0C 0V0","gwinfo@gov.ab.ca",0,1675000,1679999,1675043
24687,"SODERGREN CONSULTING INC.","BOX 548","SEXSMITH","AB","CA","T0H 3C0","gwinfo@gov.ab.ca",0,1700000,1704999,1700000
44444,"RILEY'S COAL TH",,,,,,,0,,,
50012,"FLITE DRLG SERVICES",,,,,,,0,,,
50019,"NIELSON DRLG CO",,,,,,,0,,,
50025,"WILLIAMS RICHARD",,,,,,,0,,,
50031,"A B WW DRLG&PMPG",,,,,,,0,,,
50032,"BERUBE ARMAND",,,,,,,0,,,
50049,"REIS FRED WW SERVICE",,,,,,,0,,,
50054,"SABADOS LOUIS",,,,,,,0,,,
77777,"GULF OIL (CORE HOLE)",,,,,,,0,,,
88877,"A.R.C. COAL TEST",,,,,,,0,,,
88888,"COAL EXPLORATION",,,,,,,0,,,
99901,"STRUCTURAL TEST HOLE",,,,,,,0,,,
99903,"OIL EXPLORATORY",,,,,,,0,,,
99999,"OTHER","NOT APPLICABLE","N/A","N/A","N/A","N/A","gwinfo@gov.ab.ca",0,1931300,1931399,
10776276,"3 DRILLING LTD.","2150 SOUTH HIWAY DR. SE ","REDCLIFF","AB","CA","T0J 2P0","GWINFO@GOV.AB.CA",0,1000000,1004999,1000002
10776302,"ALBERTA AGRICULTURE, FOOD & RURAL DEVELOPMENT","6909-116 ST 3","EDMONTON","AB","CA","T6H 4P2","GWINFO@GOV.AB.CA",0,1040000,1044999,1040010
10776530,"ALL-STAR DRILLING LTD.","BOX 1706","STETTLER","AB","CA","T0C 2L0","allstardrilling@hotmail.ca",1,1075000,1079999,1075496
10776538,"ANDERSON WATER WELLS","BOX 6383","FORT ST. JOHN","BRITISH COLUMBIA","CA","V1J 4H8","GWINFO@GOV.AB.CA",0,1085000,1089999,1085047
10776578,"AQUA DRILLING SERVICES LTD.","BOX 53","THORSBY","AB","CA","T0C 2P0","GWINFO@GOV.AB.CA",0,1095000,1099999,1095054
10776582,"ARMSTRONG WATERWELL DRILLING LTD.","BOX 465","SEDGEWICK","AB","CA","T0B 4C0","armstrongwaterwell@gmail.com",1,1100000,1104999,1100108
10776624,"B&L LAKEVOLD DRILLING","BOX 702","PROVOST","AB","CA","T0B 3S0","GWINFO@GOV.AB.CA",1,1110000,1114999,1110188
10776640,"BAR K DRILLING LTD.","RR2","LEDUC","AB","CA","T9E 2X2","GWINFO@GOV.AB.CA",0,1120000,1124999,1120809
10776681,"BIRKNESS, BRYAN","BOX 818","NANTON","AB","CA","T0L 1R0","GWINFO@GOV.AB.CA",0,1135000,1139999,1135000
10776691,"C.H. NELSON DRILLING LTD.","RR 5","CALGARY","AB","CA","T2P 2G6","GWINFO@GOV.AB.CA",0,1155000,1159999,1155018
10776978,"CHRIS'S WATERWELL SERVICING LTD.","P.O. BOX 67","KILLAM","AB","CA","T0B 2L0","GWINFO@GOV.AB.CA",1,1190000,1194999,1190419
10780219,"GARRITTY & BAKER DRILLING INC.","5715 56 Ave NW","EDMONTON","AB","CA","T6B 3G3","don@gbddrilling.com",0,1290000,1294999,1290003
10780365,"GEORGE LARSGARD WATER WELL DRILLING","RR 2, STATION MAIN","ROCKY MOUNTAIN HOUSE","AB","CA","T4T 2A2","GWINFO@GOV.AB.CA",0,1295000,1299999,1295205
10780610,"GLEN JOHNSON WATER WELL DRILLING","RR 1","WINFIELD","AB","CA","T0C 2X0","GWINFO@GOV.AB.CA",1,1310000,1314999,1310027
10781482,"HENLINE DRILLING LTD.","RR 1","COUTTS","AB","CA","T0K 0N0","GWINFO@GOV.AB.CA",1,1345000,1349999,
10781485,"HERON DRILLING (1987) LTD.","BOX 1687","MELFORT","SASK","CA","S0E 1A0","GWINFO@GOV.AB.CA",0,1350000,1354999,
10781492,"HILL DRILLING LTD.","BOX 508","THORHILD","AB","CA","T0A 3J0","dnjkhill@telusplanet.net",1,2045000,2049999,1889687
10781676,"JODEN DRILLING & SERVICING LTD.","129, 1182 SOUTHVIEW DR, SE","MEDICINE HAT","BA","CA","T1B 4L2","GWINFO@GOV.AB.CA",0,1395000,1399999,1395011
10783314,"SUMMERS DRILLING LTD.","BOX 3172","STONY PLAIN","AB","CA","T7Z 1L4","DAVE@SUMMERSDRILLING.COM",1,1715000,1719999,1717168
10785220,"MCALLISTER DRILLING INC.","BOX 1189","LLOYDMINSTER","AB","CA","S9V 1G1","george@mcallisterdrilling.ca",1,1500000,1504999,1503043
10786787,"KRAMPS, DARCY","RR 1","CROOKED CREEK","AB","CA","T0H 0Y0","gwinfo@gov.ab.ca",0,1415000,1419999,1415012
10786932,"M.E. LAWSON WATER WELLS","5218 SILVERTHORN RD","OLDS","AB","CA","T4H 1B1","gwinfo@gov.ab.ca",0,1480000,1484999,1480054
10786962,"MJOLSNESS WATERWELLS","BOX 1041","CORONATION","AB","CA","T0C 1C0","jm1water@gmail.com",1,1535000,1539999,1535100
10786982,"Norm Blakeman's Drilling Ltd. ","BOX 129","ALBERTA BEACH","AB","CA","T0E 0A0","JOE@BLAKEMANDRILLING.COM",1,1560000,1564999,1560181
10787008,"PERFECTION DRILLING LTD.","BOX 575","BENTLEY","AB","CA","T0C 0J0","gwinfo@gov.ab.ca",0,1605000,1609999,1605000
10787038,"RENE ARTS WATERWELL LTD.","BOX 5658","WESTLOCK","AB","CA","T7P 2P6","RARTS@MCSNET.CA",1,1630000,1634999,1630398
10787046,"RON FRASER WATERWELL DRILLING LTD.","RR 1","WESTEROSE","AB","CA","T0C 2V0","gwinfo@gov.ab.ca",0,1645000,1649999,1645003
10787068,"SDS DRILLING","4025 - 96 AVE SE","CALGARY","AB","CA","T2G 4T7","gwinfo@gov.ab.ca",0,1680000,1684999,1680002
10787175,"WHITELINE OILFIELD RENTALS","29, 57575 HWY 2","RED DEER","AB","CA","T4E 5A9","gwinfo@gov.ab.ca",0,1805000,1809999,1805000
10787225,"MID-WEST WATER WELLS LTD.","#2 10012 - 29A AVE","EDMONTON","AB","CA","T6N 1A9","gwinfo@gov.ab.ca",0,2020101,2020199,2020127
10787888,"CALIBRE DRILLING LTD.","BOX 4083","SPRUCE GROVE","ALBERTA","CANADA","T7X 3B3","randy.calibre@interbaun.ca",1,1165000,1169999,1166784
10788108,"HIGHWOOD DRILLING LTD.","RR1, SITE 7, BOX 10","GRANDE PRAIRE","ALBERTA","CANADA","T8V 2Z8","gwinfo@gov.ab.ca",0,2015000,2019999,2015021
10795266,"UNKNOWN DRILLING CO 3","UNKNOWN",,,,,"gwinfo@gov.ab.ca",0,9480229,9480230,9480230
10795272,"UNKNOWN DRILLING CO 4","EDMONTON",,,,,"gwinfo@gov.ab.ca",0,9480235,9480999,9480295
10797808,"T-CAR WATER WELLS","1542-66 ST","EDSON","AB","CANADA","T7E 1S4","gwinfo@gov.ab.ca",0,2022000,2022499,2022188
10800341,"A&W DRILLING LTD.","BOX 225","CREMONA","AB","CA","T0M 0R0","wbleask@yahoo.ca",1,2022500,2022999,2022671
10811238,"BOART LONGYEAR ALBERTA LIMITED","4025-96 AVE SE","CALGARY","AB","CA","T2C 4T7","GWINFO@gov.ab.ca",0,2023000,2023100,2023000
10811242,"AARTESIAN SERVICES INC.","BOX 208","CALMAR","AB","CA","T0C OV0","info@aartesian.com",1,9591000,9595999,2023440
10811882,"LMC TRACKHOE SERVICES LTD.","BOX 41","MANNVILLE","AB","CA","T0B 2W0","gwinfo@gov.ab.ca",0,2000000,2004999,
10811883,"T.D. DRILLING INC.","103 THISTLE BAY","STRATHMORE","AB","CA","T1P 1C6","gwinfo@gov.ab.ca",0,2005000,2009999,2005019
10811886,"SILVER SPUR WILDLIFE RANCH LTD.","BOX 1930","ST PAUL","AB","CA","T0A 3A0","gwinfo@gov.ab.ca",0,2010000,2014999,2010013
10811889,"BIG RIG WILL DIG","10233 WEDGEWOOD DRIVE","CHILLIWACK","B.C.","CA","V2P 6C1","GWINFO@gov.ab.ca",0,2023400,2023449,
10811892,"DRILLFORCE INC.","200, 358-58 AVE SW","CALGARY","AB","CA","T2M 2M5","patti.janisse@earthmaster.ab.ca",0,2023450,2023499,
10811895,"WELL WATER WELLS & GEOTHERMAL DRILLING","302, 10440-156 ST","EDMONTON","AB","CA","T5P 2R5","gwinfo@gov.ab.ca",0,2023550,2023599,
10811898,"WELL DONE WATERWELLS INC.","1403","BLACK DIAMOND","AB","CA","T0L 0H0","welldonewaterwells@gmail.com",1,2066000,2069999,2066252
10811903,"DAN'S CABLE TOOL WATER WELL DRILLING & ENTERPRISES","A02 POLAR RIDGE TRAILER COURT","DRAYTON VALLEY","AB","CA","T7A 1N1","gwinfo@gov.ab.ca",0,9521000,9525999,2023730
10811906,"WEST COUNTRY OILFIELD SERVICES","BOX 6423","DRAYTON VALLEY","AB","CA","T7A 1R8","gwinfo@gov.ab.ca",0,2023700,2023749,
10811917,"TITAN DRILLING, DIVISION OF TITAN SURFACE CASING LTD.","1440, 510-5 ST SW","CALGARY","AB","CA","T2P 3S2","gwinfo@gov.ab.ca",0,2023750,2023799,
10811950,"DALE FRASER","BOX 272","WILDWOOD","AB","CA","T0E 2M0","gwinfo@gov.ab.ca",0,2023800,2023849,2023803
10822159,"SCHMIDT DRILLING (2005) LTD. LP","RR2, SITE 16, BOX 16","PONOKA","AB","CA","T4J 1R2","schmidtdrilling@telusplanet.net",0,2023301,2027000,2023334
10880407,"ACCURATE DRILLING","RR 2","GRANDE PRAIRIE","AB","CA","T8V 2Z9","gwinfo@gov.ab.ca",0,2027051,2027099,2027051
10901479,"THOMPSON DRILLING LTD","15, 4775 Woodlane W.","WINDERMERE","BC","CA","V0B 2L0","thompsondrillingltd@cyberlink.ca",1,2028000,2028499,2028049
10901522,"OUTLAW DRILLING","BOX 21","MONARCH","AB","CA","T0L 1M0","dsmandel@shockware.com",1,2028500,2029499,2028640
10943488,"LOSNESS DRILLING (2005) ","BOX 145","LOUGHEED","AB","CA","T0B 2V0","losnessdrilling@gmail.com",1,2029500,2039499,2029952
10948961,"Aqua Water Well Drilling","BOX 698","DIDSBURY","AB","CA","T0M 0W0","rigsalive@live.ca",0,2039500,2039999,2039552
11167772,"MARTIN WATERWELLS LTD","247 - 6 AVE NW","AIRDRIE","AB","CA","T4B 2H9","gwinfo@gov.ab.ca",0,2056000,2056999,2056058
11232043,"LAZY H TRAIL COMPANY LTD.","BOX 1840","COCHRANE","AB","CA","T4C 1B7","horseandrider@lazyhtrailco.com",1,1450000,1454999,1450000
11306464,"UNKNOWN DRILLING COMP. 10","UNKNOWN",,,,,"gwinfo@gov.ab.ca",0,2060305,2062299,2058795
11310399,"H.W. BROWN DRILLING LTD","GENERAL DELIVERY","DRAYTON VALLEY","AB","CA",,"gwinfo@gov.ab.ca",0,2059800,2059899,2059800
11313382,"MCALLISTER","CLARESHOLM","CLARESHOLM","AB","CA",,"gwinfo@gov.ab.ca",0,2060300,2060304,
11316402,"BCEC DRILLING LTD.","BOX 842","BOW ISLAND","AB","CA",,"gwinfo@gov.ab.ca",1,9751000,9755999,2062447
11316404,"AKUNA DRILLING INC.","BOX 2133","STRATHMORE","AB","CA","T1P 1K1","gwinfo@gov.ab.ca",0,2062400,2062499,2062405
11320987,"BILL'S WATERWELL SERVICES LTD.","BOX 84","ALIX","AB","CA","T0C 0B0","drillerbill@xplornet.com",1,2063000,2063999,2063344
11320989,"CHILAKO DRILLING SERVICES LTD.","BOX 942","COALDALE","AB","CA","T1M 1M8","gwinfo@gov.ab.ca",1,2064000,2064999,
11320991,"TREO DRILLING SERVICES L.P.","285160 KLEYSEN WAY SE","CALGARY","AB","CA","T2P 2G6","rschmidt@treodrilling.com",1,2065000,2065999,2065085
11324903,"CYCLONE DRILLING LTD.","548 BYRNE CRES. SW","EDMONTON","AB","CA","T6W 1E7","CHARLIEBUTZ@TELUS.NET",1,2070000,2074999,2070106
11324938,"FOUNDEX EXPLORATIONS LTD.","14613 - 64 AVENUE","SURREY","BC","CA","V3S 1X6","gwinfo@gov.ab.ca",1,2075000,2075999,2075022
11325645,"MYRAM DRILLING","BOX 146","CREMONA","AB","CA","T0M 0R0","ae@myrams.ca",1,2079000,2079999,2079138
11331622,"MURRAY'S WATER WELL DRILLING","BOX 1133","ST. PAUL","AB","CA","T0A 3A0","gwinfo@gov.ab.ca",0,2077000,2077999,2077017
11331625,"SWEENEY DRILLING","BOX 111, SITE 1, R.R. 9","CALGARY","AB","CA","T2J 5G5","gwinfo@gov.ab.ca",0,2078000,2078999,
11331630,"TCB DRILLING SERVICES","426 WEST RIVER ROAD","HINTON","AB","CA","T7V 1Z1","gwinfo@gov.ab.ca",0,2080000,2080999,2080010
11331634,"WILLY'S WATER WORKS","BOX 407","BLACK DIAMOND","AB","CA","T0L 0H0","gwinfo@gov.ab.ca",0,2081000,2081999,
11398160,"BARRHEAD INDUSTRIAL SUPPLY LTD.","R.R. 2","BARRHEAD","AB","CA","T7N 1N3","gwinfo@gov.ab.ca",0,2082000,2082999,2082030
11430573,"DARCY'S DRILLING SERVICES LTD.","BOX 4, SITE 12, R.R. 1","PONOKA","AB","CA","T4J 1R1","gwinfo@gov.ab.ca",1,9896000,9900999,2089851
11438491,"D&D WATER WELL DRILLING & SERVICING (2004) LTD.","4405 - 50 STREET","STONY PLAIN","AB","CA","T7Z 1L5","gwinfo@gov.ab.ca",0,2089000,2089499,2089014
11547437,"BLACK DOG DRILLING & ENV SERV. LTD.","BOX 9137","SYLVAN LAKE","AB",,"T4S 1S8","INFO@BLACKDOGDRILLING.COM",1,9871000,9875999,2086664
11560392,"CARBON MOUNTAIN DRILLING & WATER SERVICES LTD.","BOX 6383","FORT ST. JOHN","BC","AB","V1J 4H8","simon@carbondrilling.ca",1,2090100,2090499,2090170
11576200,"WILD ROSE WATER WELLS LTD.","BOX 4028","OLDS","AB",,"T4H 1P6","gwinfo@gov.ab.ca",1,2090500,2091499,2091127
11576382,"XL WATER WELL DRILLING LTD.","BOX 14","LACOREY","AB",,"T0A 2E0","XLWATERWELL@AIM.COM",1,2091500,2092499,2092013
11577400,"UNKNOWNDRILLINGCOMP11","UNKNOWN",,,,,"gwinfo@gov.ab.ca",1,10121000,10125999,2097918
11603356,"MAHAR DRILLING LTD.","BOX 13","BLOOMSBURY","AB","CANADA","T0G 0G0","mahar_drilling@live.com",1,10106000,10110999,2097915
11607729,"WILD WEST DRILLING INC.","BOX 9, SITE 12, R.R. 1","AIRDRIE","AB","CA","T4B 2A3","wildwestdrilling@gmail.com",1,2097500,2097999,2097839
11630992,"BLACKWATCH ENERGY SERVICES LTD.","6109 - 46 STREET","LEDUC","AB","CA","T9E 6T8","gwinfo@gov.ab.ca",0,2099000,2099999,2099031
11631004,"LOUSANA WATER WELLS LTD","GENERAL DELIVERY","LOUSANA","AB","CA",,"gwinfo@gov.ab.ca",0,2098011,2098049,
11631614,"CANCORE DRILLING","BAY1, 2200 S HIGHWAY DRIVE SE","REDCLIFF","AB","CA","T0J 2P0","gwinfo@gov.ab.ca",0,2086000,2086999,2086019
11671985,"WARRNIC SERVICES LTD.","4004 MACKENZIE AVENUE","DRAYTON VALLEY","AB","CA","T7A 1B1","gwinfo@gov.ab.ca",1,2100000,2100099,2100001
11684383,"GD WELL SERVICES","BOX 398","HYTHE","AB","CA","T0H 2C0","gwinfo@gov.ab.ca",1,10181000,10185999,2101322
11692359,"HI-RATE DRILLING COMPANY LTD.","BOX 1324","STETTLER","AB",,,"gwinfo@gov.ab.ca",0,1365000,1369999,1365024
12000001,"BRAD SAVILLE ENTERPRISES LTD.","Box 2099","Valleyview","Alberta","CA","T0H 3N0","office@bradsavilleenterprises.com",1,9486000,9490999,9486502
12000002,"SAVILLE DRILLING SERVICES LTD.","BOX 636","VALLEYVIEW","AB","CA","T0H 3N0",,1,9491000,9495999,9491253
12000003,"DAVE'S CONSULTING AND DRILLING","BOX 147","TORRINGTON","AB","CA","T0M 2B0",,0,9496000,9500999,
12000004,"BIG COUNTRY DRILLING LTD.","436 WEST RIVER ROAD","HINTON","AB","CA","T7V 1Z1",,1,9501000,9505999,9501016
12000005,"BASSANI VENTURES INC.","BOX 3253","LEDUC","AB","CA","T9E 6M1","gwbassani@gmail.com",0,9506000,9510999,
12000006,"GOOD EARTH DRILLING SERVICES LTD.","SITE 12, BOX 17, R.R. 1","AIRDRIE","AB","CA","T4B 2A3",,1,9511000,9515999,9511042
12000007,"ANDERSON WATER SERVICES LTD.","BOX 6099","FORT ST. JOHN","BC","CA","V1J 4H6","info@andersonwaterservices.ca",1,9516000,9520999,9516299
12000008,"BECKER EXPLORATION INC.","BOX 80119, TOWERLANE RPO","AIRDRIE","AB","CA","T4B 2V8",,0,9526000,9530999,
12000009,"ADVANTAGE DRILLING LTD.","BOX 1319","BASSANO","AB","CA","T0J 0B0",,0,9531000,9535999,9531000
12000010,"900231 ALBERTA LTD","BOX 358","NANTON","AB","CA","T0L 1R0",,0,9536000,9540999,
12000011,"ABCO INTERNATIONAL INC.","Box 5671","Lacombe","AB","CA","T4L 1X3","abcoinc@telus.net",0,9541000,9545999,9541010
12000012,"AQUACLEAR DRILLING INC.","912 15 ST SE","HIGH RIVER","AB","CA","T1V 1L6",,1,9546000,9550999,9546490
12000013,"K5 CORP.","R.R. 1","WESTEROSE","AB","CA","T0C 2V0","k5corp@icloud.com",1,9551000,9555999,9551046
12000014,"INDUSTRIAL BACKHOES LTD.","102 1686 - 32 STREET SW","MEDICINE HAT","AB","CA","T1B 3N8","contactus@industrialbackhoe.com",1,9561000,9565999,9561000
12000015,"WILD BORE WATER WELLS LTD.","BOX 126","FAWCETT","AB","CA","T0G 0Y0",,1,9566000,9570999,9566088
12000016,"JOHNSON'S WATER WELL DRILLING LTD.","BOX 7126","DRAYTON VALLEY","AB","CA","T7A 1S4",,0,9571000,9575999,9571026
12000017,"WATERHOUSE DRILLING LTD.","10241 - 123 STREET","EDMONTON","AB","CA","T5N1N3",,0,9576000,9580999,
12000018,"DEEP CREEK DRILLING","BOX 1421","ATHABASCA","AB","CA","T9S 2B3",,1,9581000,9585999,
12000019,"J.R. DRILLING LTD.","P.O. BOX 436","CRANBROOK","BC","CA","V1C 4H9",,1,9586000,9590999,
12000020,"TITAN SPECIALTY DRILLING","BOX 96, SITE 8, RR 1","STRATHMORE","AB","CA","T1P 1J6",,0,9596000,9600999,
12000021,"NEXEN INC.","801-7TH AVENUE SW","CALGARY","AB","CA","T2P 3P7",,0,9601000,9605999,9601008
12000022,"CALMENA ENERGY SERVICES INC.","6109-46 STREET","LEDUC","AB","CA","T9E 6T8",,0,9606000,9610999,
12000023,"MEYER DRILLING LTD.","BAY 1, 2200 SHIGHWAY DRIVE SE","REDCLIFF","AB","CA","T0J 2P0",,1,9611000,9615999,9611054
12000024,"PREDATOR DRILLING","211, 37428 RANGE ROAD 273","RED DEER COUNTY","AB","CA","T4E 0A1",,1,9616000,9620999,9616004
12000025,"GORDON STICKEL","BOX 407","BLACK DIAMOND","AB","CA","T0L 0H0",,0,9621000,9625999,
12000026,"POSEIDON DRILLING LTD","6103 HAMILTON DRIVE","RED DEER","AB","CA","T4N 5N5","ASCHINDEL@SHAW.CA",1,9626000,9630999,9626135
12000027,"RUSTY IRON EQUITIES LTD","BOX 28, SITE 9, RR 1","DEWINTON","AB","CA","T0L 0X0","BRAD@RUSTY-IRON.CA",0,9631000,9635999,9631000
12000028,"1277943 ALBERTA LTD.","10329 - 157 STREET","EDMONTON","AB","CA","T2P2V4",,0,9636000,9640999,9636002
12000029,"FULL METAL DRILLING INC","5215 16TH AVENUE","EDSON","AB","CA","T7E 1H1",,1,9641000,9645999,9641334
12000030,"WALT'S WATERWELL DRILLING","720044B RGE RD 70","GRANDE PRAIRIE","AB","CA","T8X 4K6","oshmachenko@gmail.com",1,9646000,9650999,9646568
12000031,"GROUNDFORCE GEO DRILLING SOLUTIONS INC.","650, 910 - 7TH AVENUE SW","CALGARY","AB","CA","T2P 3N8","CPATERSON@GROUNDFORCEDRILLING.COM",0,9651000,9655999,9651031
12000032,"TERVITA DRILLING AND CORING SERVICES LTD","9919 SHEPPARD RD SE","CALGARY","AB","CA","T2C 3C5","SNEMETH@BECKDRILL.COM",0,9656000,9660999,9656023
12000033,"Tundra Environmental & Geotechnical Drilling Ltd. ","BOX 207","STETTLER","AB","CA","T0C 2L0",,1,9666000,9670999,9666386
12000034,"J.E.D ANCHORS & ENVIRONMENTAL LTD","BOX 1325","PENHOLD","AB","CA","T0M 1R0","RUSS.POLLITT@JEDDRILLING.CA",0,9671000,9675999,
12000035,"HARTL WATER WELL DRILLING & SERVICE LTD","54207 RANGE ROAD 275","STURGEON COUNTY","AB","CA","T8R 1Y9","JOE.HARTL88@GMAIL.COM",1,9676000,9680999,9676136
12000036,"NIEMANS DRILLING & SONS LTD.","BOX 5752","HIGH RIVER","AB","CA","T1V 1M6","CHAD@NIEMANSDRILLING.COM",1,9681000,9685999,9682243
12000037,"SON'S DRILLING LTD","R.R. 1","WESTEROSE","AB","CA","T0C 2V0","dale.klatt@gmail.com",1,9686000,9690999,9686046
12000038,"SPRING CREEK MOUNTAIN VILLAGE INC.","#1 SPRING CREEK GATE","CANMORE","AB","CA","T1W 0A7","FRANK@SPRINGCREEKMV.COM",1,9691000,9695999,9691005
12000039,"INTEGRITY DRILLING INC.","6634 HIGHWAY 97A","ENDERBY","BC","CA","V0E 1V3","INFO@INTEGRITYDRILLING.CA",0,9696000,9700999,
12000040,"WARNKE DRILLING 2014 LTD","RR 1","FALUN","AB","CA","T0C 1H0","tylkeshawn@gmail.com",1,9701000,9705999,9701185
12000041,"GARFIELD BLAND CONSULTING",,"LETHBRIDGE","AB","CA",,"GARFIELDBLAND39@GMAIL.COM",1,9706000,9710999,9706238
12000042,"SAJAC OILFIELD SERVICES LTD.",,,,,,,0,9711000,9715999,9711048
12000043,"Aqua Waterwell & Geothermal Drilling ","BOX 49040","EDMONTON","AB","CA","T6E 5X0","rigsalive@live.ca",0,9716000,9720999,9716007
12000044,"1199189 ALBERTA INC","4719 50 AVENUE","WETASKIWIN","ALBERTA","CANADA","T9A 0R9","KMEYER@TELUSMAIL.NET",0,9721000,9725999,9721001
12000045,"BAR-K WATER WELL SERVICES LTD","RR2","LEDUC","ALBERTA","CANADA","T9E 2X2","KRBANKS1@TELUS.NET",0,9726000,9730999,9726003
12000046,"CAMFIELD GROUNDWATER SERVICES LTD.","314 12TH ST S","LETHBRIDGE","ALBERTA",,"T1J2R1","KEVIN@CAMDRIL.COM",1,9731000,9735999,9731178
12000047,"WELLBOYZ WATERWELL SERVICES LTD.","BOX 676","ST. PAUL","ALBERTA","CANADA","T0A 3A0","LEN@WELLBOYZ.CA",0,9736000,9740999,9736006
12000048,"180 WATER WELL DRILLING","102-116 CLEARVIEW AVENUE","RED DEER COUNTY","ALBERTA","CANADA","T4E 0A1","russ180drilling@telus.net",0,9741000,9745999,9741049
12000049,"DRILLER TRAINING","9820 106 ST","EDMONTON","ALBERTA","CANADA","T5K 2J6","GWINFO@GOV.AB.CA",0,9746000,9750999,9746007
12000050,"L&B WATER SERVICES LTD.","BOX 2503","STONY PLAIN","ALBERTA","CANADA","T7Z 1X9","LBWATER@XPLORNET.COM",1,9761000,9765999,9761011
12000051,"LEGACY DRILLING CORP.","BOX 1388","HANNA","ALBERTA",,"T0T 1P0","LEGACYDRILLINGCORP@GMAIL.COM",0,9766000,9770999,9766028
12000052,"CROSS BORDERS CONSULTING LTD.","BOX 509","PILOT BUTTE","SASKATCHEWAN","CANADA","S0G 3Z0","JARED.MILLS@CROSSBORDER.CA",1,9771000,9775999,9771007
12000053,"FOREFRONT DRILLING SOLUTIONS ","20860 95A AVENUE ","LANGLEY ","BC","CANADA","V1M 2C5","FOREFRONTDRILLING@GMAIL.COM",0,9776000,9780999,9776006
12000055,"BERGER HOLDINGS (NANTON) LTD.","BOX 822","NANTON","ALBERTA","CANADA","T0L 1R0","ARNE.HEATHER.BERGER@GMAIL.COM",0,9786000,9790999,
12000056,"TERREX CONSTRUCTION LTD","BOX 100, SITE 2, RR 2","OKOTOKS","ALBERTA","CANADA","T1S 1A2","terrexltd@gmail.com",1,9791000,9795999,9791001
12000057,"ALL SERVICE DRILLING INC.","107 KINGSVIEW ROAD SE ","AIRDRIE ","ALBERTA","CANADA","T4A 0A8","KBIEBER@ALLSERVICEDRILLING.COM",1,9796000,9800999,9796048
12000058,"CIRRUS ENVIRONMENTAL SERVICES INC.","10, 1916 30 AVE NE","CALGARY ","ALBERTA","CANADA","T2E 7B2","DEREK_HASEGAWA@CIRRUSENVIRO.COM",1,9801000,9805999,
12000059,"CORE DRILLING CORP","UNIT 14, 314 EXPLORATION AVE SE","CALGARY ","ALBERTA","CANADA","T3S 0C1","DBRAKE@COREDRILLINGCORP.COM",1,9806000,9810999,
12000060,"SPT DRILLING LTD.","43 PATTERSON CRESCENT","ST ALBERT","ALBERTA","CANADA","T8N 4T9","SPTSUPP@TELUS.NET",1,9811000,9815999,
12000061,"WOLVERINE GROUP INC.","9515 62 AVE NW","EDMONTON","ALBERTA","CANADA","T6E 0E1","CHUCK@BORDERDRILLING.COM",0,9816000,9820999,
12000062,"1819221 ALBERTA LIMITED ","103 THISTLE BAY ","STRATHMORE ","AB","CANADA ","T1P 1C6","FDCOCKX@SHAW.CA",0,9821000,9825999,9821001
12000063,"ALTAIR WATER AND DRILLING SERVICES INC.","SITE 1, BOX 9, RR 4","RED DEER COUNTY","ALBERTA","CANADA","T4N 5E4","JEFFD@ALTAIRWATER.COM",0,9826000,9830999,9826424
12000064,"ACREAGE DEVELOPMENT SOLUTIONS LTD.","RR 1","MILLARVILLE","ALBERTA","CANADA ","T0L 1K0","CLAYTON@ADSLTD.CA",1,9831000,9835999,
12000065,"ZEMLAK DRILLING INC.","BOX 41","VEGREVILLE","ALBERTA","CANADA","T9C 1R1","ZEMLAKDRILLING@MCSNET.CA",1,9836000,9840999,9836081
12000066,"KICKING HORSE WATER SERVICES","BOX 4039","GOLDEN","BC","CANADA","V0A 1H0","KICKINGHORSEWATER@GMAIL.COM",1,9841000,9845999,
12000067,"GROUND SOURCE ENERGY LTD.","BOX 28, SITE 1, RR 1","COCHRANE ","ALBERTA","CANADA","T4C 1A1","INFO@GROUNDSOURCEENERGY.COM",1,9846000,9850999,9846011
12000068,"RISLING SERVICES (MEDICINE HAT) LTD.","19 CARRY PLACE SE","MEDICINE HAT","ALBERTA","CANADA","T1B 3Y2","GRISLING@SHAW.CA",1,9851000,9855999,9851000
12000069,"CLEAR BLUE WATER SYSTEMS LTD. ","BOX 148","MONTNEY ","BC","CANADA","V0C 1Y0","CLEARBLUE@TELUS.NET",0,9856000,9860999,
12000070,"Aqua Waterwell Drilling","BOX 49040","EDMONTON","ALBERTA","CANADA","T6E 5X0","RIGSALIVE@LIVE.CA",0,9861000,9865999,
12000071,"BEAST DRILLING LTD. ","BOX 861","RED DEER","ALBERTA","CANADA","T4P 1A3","CRYSTAL@BEASTDRILLING.COM",0,9866000,9870999,9866028
12000072,"EHALT ACQUISITIONS INC.","1114 14 Street","Canmore","Alberta","Canada","T1W 1V7","KELDON.EHALT@GMAIL.COM",1,9876000,9880999,
12000073,"CANADIAN QUALITY CONTROL INC. ","2924 PIPER ROAD","PRINCE GEORGE","BRITISH COLUMBIA ","CANADA","V2N 2H8","DONKUN@CANADIANQUALITYCONTROL.CA",1,9881000,9885999,
12000074,"MO-CO SERVICES","449 MOUNTAIN STREET","HINTON","ALBERTA","CANADA","T7V 1K1","MO-CO@TELUS.NET",1,9886000,9890999,9886001
12000075,"M&M PUMPS INC.","243079 RGE RD 250","WHEATLAND COUNTY","ALBERTA","CANADA","T1P 0M8","SHANNON@MMDRILLING.CA",1,9901000,9905999,9901009
12000076,"M&M DRILLING INC.","243079 RGE RD 250","WHEATLAND COUNTY","ALBERTA","CANADA","T1P 0M8","vince@mmdrilling.ca",1,9906000,9910999,9906355
12000077,"L. PLATZ DRILLING","BOX 32","WINFIELD","ALBERTA","CANADA","T0C 2X0","LPLATZ53@GMAIL.COM",0,9911000,9915999,
12000078,"STEELHEAD VENTURES LTD.","BOX 44","COCHRANE","ALBERTA","CANADA","T4C 1A4","SHANE@STEELHEADVENTURESLTD.COM",0,9916000,9920999,9916074
12000079,"EARTH DRILLING CO LTD.","4039 16 ST SE","CALGARY","ALBERTA","CANADA","T2G 3R8","JOHN@EARTHDRILLING.CA",1,9921000,9925999,9921034
12000080,"SUNAQUA INC. ","206 HERITAGE PLACE W","LETHBRIDGE ","ALBERTA","CANADA","T1K 6X9","CLINTON@SUNAQUA.CA",1,9926000,9930999,
12000081,"RED DEER TRAINING",,,,,,,1,9931000,9935999,9931003
12000082,"KOMAT DRILLING LTD. ","1779 9TH AVENUE SW","MEDICINE HAT","ALBERTA","CANADA","T1A 8S2","INFO@KOMATDRILLING.COM",1,9936000,9940999,
12000083,"BLAKEMAN'S DRILLING LTD ","BOX 129","ALBERTA BEACH","ALBERTA","CANADA","T0C 0A0","JOE@BLAKEMANDRILLING.COM ",1,9946000,9950999,9946060
12000084,"MYWATER DRILLING AND PUMP SERVICES ","BOX 142","CREMONA","ALBERTA","CANADA","T0M 0R0","info@mywaterdrilling.ca",1,9951000,9955999,9951327
12000085,"SUN-ALTA DRILLING LTD.","27206 TOWNSHIP ROAD 564","STURGEON COUNTY","ALBERTA","CANADA","T8R 2J3","SUNALTA@TELUSPLANET.NET",1,9956000,9960999,
12000086,"MILK RIVER WATER WELL DRILLING","PO BOX 772","MILK RIVER","ALBERTA","CANADA","T0K 1M0","RIGRANCH@HOTMAIL.COM",1,9961000,9965999,9961039
12000087,"ROCKING P RANCHING LTD","RR 1","NANTON","ALBERTA","CANADA","T0L 1R0"," JMBLADES7@GMAIL.COM",0,9966000,9970999,9966000
12000088,"A&H DRILLING LTD. ","48987 CHILLIWACK CENTRAL ROAD","CHILLIWACK ","BRISTISH COLUMBIA","CANADA","V2P 6H3","office@ahwelldrilling.ca",1,9971000,9975999,9971010
12000089,"FIELD DRILLING CONTRACTORS LTD","PO BOX 841","ALDERGROCE","BC","CANADA","V4W 2V1","INFO@FIELDDRILLING.CA",0,9976000,9980999,9976001
12000090,"OWEN'S DRILLING LTD.","PO BOX 730","CRANBROOK ","BC","CANADA","V9C 4J5","TIM@OWENSDRILLING.COM",1,9981000,9985999,9981005
12000091,"VXV FARMS","BOX 922","CLARESHOLM","AB","CANADA","T0L 0T0","GERALD@VXVFARMS.COM",0,9986000,9990999,
12000092,"BAR P ENTERPRISE","PO BOX 1163","CLARESHOLM","ALBERTA","CANADA","T0L 0T0","STEVEPREACHUK@HOTMAIL.COM",0,9991000,9995999,
12000107,"PRECISION DRILLING",,,,,,,1,10026000,10030999,10026004
12000125,"WHEATLAND COUNTY","RR 1, HWY 1","STRATHMORE","AB","CANADA","T1P 1J6","ADMIN@WHEATLANDCOUNTY.CA",1,9996000,10000999,9996000
12000126,"1857269 ALBERTA LTD. O/A MAKO WELL SERVICES","BOX 191","NANTON","AB","CANADA","T0L 1RO","MLOREE@HARTFUNDSPC.COM",1,10001000,10005999,
12000127,"ERNCO ENVIRONMENTAL DRILLING & CORING INC.","8027 EDGAR INDUSTRIAL DRIVE","RED DEER","AB","CANADA","T4P 3R2","JOSH.E@ERNCODRILL.COM",1,10006000,10010999,10006001
12000128,"LEGACY DRILLING LTD.","PO BOX 592","DELBURNE","AB","CANADA","T0M 0V0","LEGACYDRILLINGLTD@OUTLOOK.COM",1,10011000,10015999,10011520
12000129,"TRAVIS DRILLING LTD.","RR 1, SITE 6, COMP 7","ONOWAY","AB","CA","T0E 1V0","TRAVISDRILLINGLTD@GMAIL.COM",1,10031000,10035999,10031023
12000130,"1808844 ALBERTA LTD.","1, 5211 45 Ave","VERMILION","AB","CA","T9X 0A5","AACHIL@HOTMAIL.COM",1,10036000,10040999,10036004
12000131,"MORTON’S WATER WELL DRILLING","#1, 5211 45 AVE","VERMILION","AB","CA","T9X 0A5","DMORTONSDRILLING@GMAIL.COM",1,10041000,10045999,10041101
12000132,"STONE RIVER WATERWELLS","83 WOODHAVEN DRIVE","SPRUCE GROVE","AB","CA","T7X 1M9","CHADVDH@LIVE.COM",1,10046000,10050999,10046073
12000133,"LOUSANA WATER WELLS SERVICING LTD.","RR 2 ","LOUSANA","AB","CA","TOM 1K0","LOUSANAWATERWELLS@GMAIL.COM",1,10051000,10055999,10051018
12000134,"MORTON'S WATER WELL SERVICES LTD.","1, 5211 45 AVE ","VERMILION","AB","CA","T9X 0A5","DARALAMORTON@HOTMAIL.COM",1,10056000,10060999,10056004
12000135,"LETHBRIDGE COLLEGE","3000 COLLEGE DRIVE S","LETHBRIDGE","ALBERTA","CANADA",,,1,10076000,10080999,
12000136,"GOLDEN RIDGE DEVELOPMENTS INC","252 CEDARDALE PLACE SW","CALGARY","ALBERTA","CANADA","T2W 5J2","ADMIN@GOLDENRIDGE.CA",1,10081000,10085999,10081000
12000137,"WILD DOG CONTRACTING LTD.","10229 RANGE ROAD 40","CYPRESS COUNTY","ALBERTA","CANADA","T0J 1V0","JOE@WILDDOGCONTRACTING.CA",1,10086000,10090999,10086001
12000138,"HYDROTECH WATER WELL & SEPTIC.","54207 RANGE ROAD 275","SURGEON COUNTY","ALBERTA","CANADA","T8R 1Y9","JOE@HYDROTECHSOLUTIONS.CA",1,10091000,10095999,10091041
12000139,"SUMMERS DRILLING INC.","BOX 3172","STONY PLAIN","AB","CA","T7Z 1L4","ADMIN@SUMMERSDRILLING.COM",1,10096000,10100999,10097007
12000140,"FORGED DRILLING COMPANY LTD.","BOX 509 ","BUTTE","SASKATCHEWAN","CANADA","S0G 3Z0","INVOICING@FORGEDDRILLING.COM",1,10111000,10115999,10111000
12000141,"HIDDEN VALLEY","222 HIDDEN SPRING MEW","CALGARY","AB","CA","T3A 5N3","RESUMERYAN1987@GMAIL.COM",1,10116000,10120999,
12000142,"KEYSTONE DRILLING CORP","15 DEWITTS POND","ROCKY VIEW COUNTY","AB","CA","T4B 4S8","RANDY@KEYSTONEDRILLING.CA",1,10126000,10130999,10126009
12000143,"ALBERTA AGRICULTURE, FORESTRY AND RURAL ECONOMIC DEVELOPMENT",,,,,,"JANELLE.VILLENEUVE@GOV.AB.CA",1,10131000,10135999,10131003
12000144,"BLACK DOG DRILLING INC.","29 MAHOGANY VIEW SE","CALGARY ","AB","CANADA","T3M 0T3","LIZ@BLACKDOGDRILLING.COM",1,10136000,10140999,10136348
12000145,"EVOLUTION DRILLING LTD.","BOX 973 ","BLACKFALDS","AB","CA","T0M 0J0","LYNDON_STINSON@YAHOO.COM",1,10141000,10145999,10141031
12000146,"WHITE LINE DRILLING",,"RED DEER","AB","CA","T4E 1A9",,1,10146000,10150999,10146000
12000147,"FULL CIRCLE DRILLING LTD.","PO BOX 9137","SYLVAN LAKE","AB","CA","T4S 1S8","MWALTER@FULLCIRCLEDRILLING.COM",1,10151000,10155999,10151084
12000148,"ASSURED DRILLING LTD.","2315 N SERVICE ROAD W","SWIFT CURRENT","SK","CA","S9H 5L2","ASSUREDDRILLING@GMAIL.COM",1,10156000,10160999,10156006
12000149,"STRIDE MANAGEMENT SOLUTION INC.",,,,,,,1,10161000,10165999,10161037
12000150,"SHADOW RATHOLE DRILLING LTD.","11301 91 AVE","GRANDE PRAIRIE","ALBERTA","CANADA","T8V 5Z3","ADMIN@SHADOWRATHOLE.COM",1,10166000,10170999,10166002
12000151,"1893086 ALBERTA LTD O/A AQUA MULE","PO BOX 24, SITE 18, RR 1","MILLARVILLE","ALBERTA","CANADA","T0L 1K0","ADMIN@AQUAMULE.COM",1,10171000,10175999,10171002
12000152,"FAST HOLE WATER WELL DRILLING SERVICES LTD ","PO BOX 506","RYCROFT","AB","CANADA","T0H 3A0","FASTHOLEDRILLING@GMAIL.COM",1,10186000,10190999,
12000153,"D&L DRILLING LTD.","PO BOX 17, SITE 2, RR2","DUFFIELD","AB","CANADA","T0E 0N0","DAN@DLDRILLING.COM",1,10191000,10195999,10191005
12000154,"HENLINE DRILLING","RR1 ","COUTTS","ALBERTA","CANADA","T0K 0N0","HENLINERANCH@GMAIL.COM",1,10196000,10200999,
