User_ID,Last_Name,Driller_ID,Middle_Initial,First_Name,Is_Active_Flag,Journeyman_Number
,"DRILLER",2533726,"NA","UNKNOWN",1,"1"
,"ADMINISTRATOR",10773512,,"MASTER",1,"0000000"
,"BLACKWOOD",10773513,,"SCOTT",1,"37697A"
,"BROWN",10773514,,"W",0,"VA4906"
,"MCGINN",10773515,,"TERRY",1,"VC2893"
,"LYPKIE",10773518,,"JOHN",0,"3054NQ"
,"SUMMERS",10773520,,"JAMES",0,"3488AD"
,"WILLNESS",10773521,,"CHRIS",1,"VB6615"
"{456AAE46-B5CA-4BE0-B22D25A243E236BE}","TOPILKA",10773523,,"GERALD",1,"3490AD"
"{05C9ED02-A55E-4D2A-9EEE58697003B120}","MEYERS",10773524,,"BRAD",1,"VA4996"
,"GERRITSEN",10773525,,"CHRIS",0,"4385Q"
"{13270BB1-1D48-4309-B685418B38562756}","KONDRAT",10773814,,"DWAYNE",1,"9985A"
,"KONDRAT",10773815,,"STEVE",0,"14782Q"
,"UNTINEN",10773930,,"KELLY",1,"12389Q"
,"MEYER",10776278,,"KERRY",1,"1447A"
"{EAC35151-5EB9-4739-8D2378405D67F295}","MORTON",10776281,,"ARDEL",1,"VA4100"
,"SCAGLIONE",10776286,,"RALPH",0,"0000"
,"PARKHOUSE",10776288,,"LEWIS",1,"4161Q"
,"WOODLEY",10776290,,"COLIN",1,"9984A"
,"SROKA",10776292,,"GRANT",1,"13717Q"
,"DAGG",10776294,,"ROBERT",0,"3793J"
,"MAYGARD",10776296,,"BRIAN",1,"10167A"
,"FRASER",10776298,,"KEN",1,"VA1501"
,"WISENER",10776299,,"WAYNE",1,"VC6418"
,"HENRY",10776303,,"WARD",1,"5495A"
,"WHITEHEAD",10776305,,"JACK",1,"VA7724"
,"VANDENE",10776306,,"ROBERT",1,"27275A"
,"PARCHEN",10776513,,"ALEX",0,"VA4172"
,"WINCZURA",10776515,,"DARREN",1,"10379Q"
,"ANDERSON",10776517,,"ALLAN",1,"VA4790"
,"HEBB",10776518,,"BRADY",1,"49704A"
,"DETKAVICH",10776519,,"HANK",1,"5881AD"
,"CROWELL",10776520,,"SHAWN",1,"18687A"
,"SMELA",10776525,,"JOE",1,"10004Q"
,"BOREK",10776531,,"TONY",1,"1357NQ"
,"BALMER",10776532,,"PAUL",1,"VA4931"
,"HANSON",10776536,,"ALVIN",0,"VA4005"
,"ANDERSON",10776547,,"DEAN",0,"4339J"
,"FRIESEN",10776559,,"JOHN",1,"VA5825"
,"CRAFT",10776573,,"ROBERT",1,"6315Q"
,"OLSON",10776580,,"CALVIN",1,"6449Q"
,"ARMSTRONG",10776583,,"DWIGHT",1,"2106Q"
,"ASHBURN",10776586,,"STEVE",1,"VA8592"
"{4620C4E1-F5E4-4CB8-83437A20AF79D7BD}","LAKEVOLD",10776629,,"BLAINE",1,"3445AD"
,"BAKER",10776634,"F","WILLIAM",1,"VA3657"
,"BANKS",10776649,,"KENNETH",1,"VA2732"
,"WEGLEITNER",10776669,,"GARRY",1,"0000"
,"FIELD",10776671,,"RAY",1,"3430AD"
,"LEES",10776672,,"DAVID",1,"5545A"
,"SLEZINSKY",10776674,,"PAUL",0,"3482AD"
,"CHERNIWCHAN",10776675,,"MELVIN",0,"VA3321"
,"BIRKNESS",10776682,,"BRYAN",0,"3641AD"
,"BLACKWOOD",10776685,,"RODGER",0,"14020Q"
,"GRAHAM",10776686,,"RODNEY",1,"61019A"
,"LINDBERG",10776689,,"ROBERT",0,"3448AD"
,"NELSON",10776692,,"CLIFFORD",0,"3647AD"
,"WIDDOWS",10776694,,"JAMES",0,"VA6151"
,"BLAND",10776696,,"GARFIELD",1,"3838AD"
,"BLAND",10776697,,"KEVIN",1,"VC3171"
,"SCOVILLE",10776698,,"ALLAN",1,"2531Q"
,"VLCHEK",10776702,,"GEORGE",0,"0000"
,"VLCHEK",10776703,,"JOHN",1,"0000"
,"CHORNEY",10776974,,"LADDICK",1,"3424AD"
,"CHORNEY",10776975,,"LAWRENCE",1,"VA3805"
,"CULSHAW",10776979,,"CHRISTOPHER",1,"9185Q"
,"BUELOW",10776981,,"CLIFFORD",1,"VA3466"
,"BOURDAGES",10776982,,"TONY",1,"19608A"
,"WHITWORTH",10776986,,"RICHARD",0,"64768A"
,"EYKELBEYSH",10776998,,"ROBERT",0,"12521Q"
,"MUNDT",10776999,,"ALLEN",0,"14654Q"
,"MURRAY",10777096,,"DONALD",0,"3648AD"
"{FF98E025-F3A8-4662-8F300404AE57A0B6}","CRAIG",10777144,,"WADE",1,"15507A"
,"CULVER",10777153,,"ROBERT (BARRY)",1,"3835AD"
,"VANLOHUIZEN",10777174,,"DUSTIN",0,"Unknown"
,"BROCK",10777175,,"ELLIOTT",1,"9097001"
,"SCHMIDT (DS HLDG)",10777181,,"DON",0,"3839AD"
,"BECKER",10777183,,"DENNIS",1,"3673AD"
,"LEWIS",10777184,,"GREGG",1,"41140A"
,"DOERING",10777187,,"GARRY",0,"3657AD"
,"DOLLMAN",10777256,,"TERRY",0,"12260Q"
,"DOLLMAN",10777257,,"SHELDON",1,"5500A"
,"ELLIOTT",10777260,,"DORSAY",0,"0150Q"
,"WALKER",10777262,,"BRYAN",0,"8476Q"
,"STEINKE",10777264,,"LAVERNE",1,"35/866912"
,"STUBBS",10777265,,"DARREL",0,"6417Q"
,"PALICHUK",10780203,,"EARNEST",0,"VC5858"
,"SOLONINKO",10780205,,"JOHN",1,"VA8954"
,"PALMER",10780206,,"KEN",1,"38612A"
,"TOPILKA",10780207,,"KELLY",1,"11299A"
,"SANDER",10780208,,"GREGORY",1,"16572A"
,"ERDMAN",10780213,,"DANIEL",1,"VC8287"
,"FEDORVICH",10780215,,"GEORGE",1,"VA6699"
,"FRASER",10780217,,"JOHN (JACK)",1,"VB7652"
,"GARRITTY",10780220,,"GRANT",1,"8668Q"
,"EADES",10780221,,"JOHN",1,"VC3918"
,"LARSGARD",10780366,,"GEORGE",1,"VA0830"
,"MCGINN",10780600,,"GERALD",1,"3824AD"
,"GOERTZ",10780602,,"DENNIS",1,"VA3482"
,"ZUTZ",10780606,,"DENNIS",1,"3500Ad"
,"GRILL",10780608,,"RON",1,"31955A"
,"JOHNSON",10780611,,"GLEN",1,"3442AD"
,"WALKER",10780613,,"BRYAN",0,"8476Q"
"{459F2DFB-A024-4089-A385216A14DFB47D}","GIESE",10780615,,"GORDON",1,"3434AD"
,"GIESE",10780616,,"GREG",1,"11920A"
,"COMFORT",10780619,,"GRANT",0,"3425AD"
,"COMFORT",10780620,,"KENNETH",0,"10001Q"
,"SPENCE",10780623,,"KELLY (GRASSLAND)",0,"10005Q"
,"BENSON",10780625,"A","JAMES",1,"12869Q"
,"SCHMALZBAUER",10780627,,"ROBERT",1,"VA9687"
,"SCHMALZBAUER",10780628,,"DAVID",1,"VB4007"
,"YOUNG",10780870,,"GARY (TCAR WW)",0,"VA0144"
,"MORRIS",10780977,,"DAVE",1,"3849AD"
,"SCHMIDT",10780978,,"JAMES",0,"VA1636"
,"BROWN",10780980,,"WILLIAM",0,"VA4906"
,"SCHMIDT",10780981,,"RODNEY",1,"VB3287"
,"MILLER",10781480,,"DONALD",0,"AC0692"
,"HENLINE",10781483,,"GEORGE",1,"VA6743"
,"HAYTER",10781486,,"DELMER",0,"VA6434"
,"HERTZ",10781488,,"ROBERT",1,"4310Q"
,"HERTZ",10781489,,"LAWRENCE",1,"VA2931"
,"HILL",10781493,,"DWIGHT",1,"VB8143"
,"DOWHANIUK",10781494,,"ZENNIE",1,"13104Q"
,"HILLER",10781500,,"ERNEST (JACK)",0,"VB4326"
,"MCKAY",10781536,,"JAMES",0,"3848AD"
,"WOLANSKY",10781542,,"RANDY",1,"VA4908"
,"KEIBEL",10781547,,"GARRY",1,"3853AD"
,"SCHULER",10781548,,"ANDREW",1,"VA4907"
,"HOLLAND",10781553,,"ED",1,"VA3073"
,"HOPPER",10781555,,"BERNIE",0,"VB2398"
,"SOUCY",10781556,,"MURRAY",1,"10551A"
,"INGLIS",10781559,,"DENNIS",0,"3441AD"
"{230E0384-8AA2-4739-81BA00142516C74C}","CHRISTENSEN",10781668,,"JIM",1,"6570Q"
,"BLACKMORE",10781669,,"BRIAN",1,"13627Q"
,"JAMES",10781672,"G.","W.",0,"3672AD"
,"SCHOENING",10781674,,"JAMES",0,"VA1110"
,"DIRK",10781677,,"JOSEPH",1,"QUAL JN"
,"CAOUETTE",10783317,,"DARIN",0,"3537713"
,"CAOUETTE",10783318,,"DARIN (NEW)",0,"3537713"
,"MCALLISTER",10785221,,"BRYON",1,"VA4003"
"{3E5FE3D1-9D6B-4B2F-872216F2477126CB}","MCALLISTER",10785222,,"GEORGE",1,"VA7828"
,"MCALLISTER",10785223,,"NEIL",0,"26858A"
,"MCALLISTER",10785224,,"KENT",0,"35/313409"
,"MCALLISTER",10785225,,"LESLIE",1,"37433A"
,"OSMACHENKO",10785226,,"WALTER",1,"5491Q"
,"FRAZER",10785227,,"VINCE",1,"31215A"
,"MEGINBIR",10785228,,"JORDAN",1,"46861A"
,"MCALLISTER",10785229,,"SHELDON",0,"9999999"
,"LYDOM",10786638,,"KIM",1,"60161A"
"{FF9AE6E0-455E-43B3-85143B1F3E688990}","KINSELLA",10786779,,"TED",0,"3884AD"
,"SCHINDEL",10786781,,"KRIS",1,"40628A"
,"KLYMIUK",10786784,,"DAN",0,"0076NQ"
,"MUDRYK",10786789,,"DONALD",0,"4419AD"
,"LEPPER",10786790,,"DARELL",1,"5449Q"
,"CURTIS",10786791,,"LEONARD",0,"28916A"
,"ZIEGLER",10786795,,"ARNOLD",0,"5149AD"
,"LEBEAU",10786797,,"LARRY",0,"3447AD"
,"LARSGARD",10786799,,"DAVID",1,"7850Q"
"{9AA79056-E8ED-4CDA-866AD25D30262047}","LARSON",10786801,,"JOHN",1,"5882AD"
,"GROVE",10786802,,"BILLY",1,"52196A"
,"SIMPSON",10786803,,"GEORGE",0,"VA5087"
,"PRICE",10786804,,"DEREK",0,"32895A"
,"PELLETIER",10786827,,"MAURICE",1,"VA3656"
,"KINLEY",10786829,,"JOHN",1,"VA0534"
,"NORMAN",10786830,"A","RUBEN",0,"3469AD"
,"ROSS",10786831,,"ARDEN",0,"7769Q"
,"KINLEY",10786832,,"ROGER",0,"VB9806"
,"KINLEY",10786833,,"COLIN",1,"VB8959"
,"HOLTOM",10786834,,"JAMES",0,"VA0535"
,"BABCOCK",10786841,,"LESLIE",1,"14451A"
,"BABCOCK",10786842,,"KELLY",1,"22627A"
,"LOSNESS",10786845,,"EINAR",0,"3449AD"
,"GROVE",10786846,,"CLIFFORD",1,"VA8598"
,"HORRICKS",10786849,,"JAMIE",1,"2178Q"
,"SABADOS",10786855,,"LOUIS",1,"VA3104"
,"SABADOS",10786856,,"CAMERON",1,"14480Q"
,"LEWIS",10786859,,"MILES",1,"VB1011"
,"KLEPPER",10786860,,"SHAYNE",1,"22424A"
,"PAGE",10786861,,"MURRAY",1,"40629A"
,"CRAIG",10786862,,"RON",1,"3890AD"
,"MURRAY",10786867,,"WILLIAM",1,"3643AD"
,"PENROD",10786868,,"SHYLO",0,"35/656383"
,"NOEL",10786869,,"TANNER",0,"35/916806"
,"MURRAY",10786870,,"BRAD",1,"11183Q"
,"STINSON",10786871,,"LYNDON",1,"57644A"
,"PENROD",10786872,,"WILLIAM ",1,"A000187"
,"MYERS",10786873,,"BOYD",1,"AB8690"
,"STAHL",10786874,,"PAUL",1,"32588A"
,"PENROD",10786877,,"LYLE",0,"VA4362"
,"MILLER",10786911,,"EDWIN",1,"VA1842"
,"MELNYK",10786926,,"MIKE",1,"3454AD"
,"MELNYK",10786927,,"DENNIS",1,"26704A"
,"LAWSON",10786930,,"M.",0,"3659AD"
,"LAWSON",10786931,,"DOUGLAS",1,"VC7100"
"{4F6C56DE-7B54-45F2-B30EB3AB55901531}","MORTON",10786935,,"ALAN",1,"VA2101"
,"MARTIN",10786937,,"ALBERT",1,"13716Q"
,"PERROTT",10786939,,"MARV",0,"VA3472"
"{2F8BFDF9-FB37-4EA9-8B450E4326889A76}","BERGSTREISER",10786940,,"TERRY",1,"41955A"
,"KIND",10786943,,"RONALD",0,"3885AD"
,"ZEMLAK",10786945,,"MERV",1,"10006Q"
,"SPARROW",10786949,,"REG",1,"VA4131"
,"PECK",10786950,,"ROD",1,"11577Q"
,"KULAK",10786951,,"RYAN",1,"18917A"
,"MILLER",10786957,,"STANLEY",0,"3455AD"
,"MISYK",10786959,,"OREST",0,"VA4101"
"{C49066F6-CCCF-4641-B5CB9C8608973CF3}","MJOLSNESS",10786961,,"JOHN",1,"VB4177"
,"MORRILL",10786964,,"WAYNE",1,"VB4952"
,"MORRILL",10786965,,"GEORGE",0,"3459AD"
,"VANCUREN",10786966,,"JEROME",1,"22844A"
"{9D35D400-1A41-4B15-BDB64AF89EB2D9D8}","MORTON",10786970,,"ARNOLD",1,"VA2102"
,"MORTON",10786971,,"TRAVIS",1,"17085A"
,"MUNDY",10786974,,"IRVINE",1,"3462AD"
,"NIEMANS",10786976,,"BILL",1,"VA5635"
,"NIEMANS",10786977,,"TODD",1,"23199A"
,"BLAKEMAN",10786980,,"NORMAN",0,"VA3254"
,"PANKEWICZ",10786985,,"BARRY",0,"VA8653"
,"MUDRY",10786986,,"HARVEY",1,"VA8652"
,"PAPLEY",10786989,,"KEN",1,"3747AD"
,"PAPLEY",10786990,,"DARREN",1,"5896A"
,"DUCHESNE",10786993,,"EDWARD",1,"AC6069"
,"PARSONS",10786995,,"THOMAS",0,"8357Q"
,"SCHADECK",10786997,,"OTTO",0,"3478AD"
,"PARSONS",10786999,,"DON",1,"AB6438"
,"HUNT",10787000,,"KEN",1,"VA3542"
,"MURRAY",10787003,,"PATRICK",1,"VB2948"
,"KONDRAT",10787005,,"DARREN",0,"35/924491"
,"COMFORT",10787007,,"GARTH",1,"VA0867"
"{F8B1B1E1-6D19-4BE2-877B52191E8324B3}","NIEMANS",10787010,,"PETER",1,"3631AD"
,"SEWELL",10787011,,"DONALD",0,"35/919433"
,"NIEMANS",10787012,,"DOUG",1,"70092A"
,"PETERSEN",10787016,,"IVAN",1,"3878AD"
,"BUHLER",10787017,,"DEAN",1,"36353A"
,"KIEFIUK",10787033,,"NESTER",0,"VA4997"
"{C3C80357-C7D8-4C51-BFD4273A9AD245C6}","RANKIN",10787035,,"LARRY",1,"3843AD"
"{D4793F8C-B309-467C-89E68C48E1087B31}","ARTS",10787037,,"RENE",1,"VC7442"
,"BECK",10787040,,"KEN",1,"12668Q"
,"MACINTOSH",10787042,,"ROD",1,"5977Q"
,"FRASER",10787044,,"RON",0,"3432AD"
,"FRASER",10787045,,"DALE",1,"VB7357"
,"ROSS",10787049,,"ALEX",0,"3840AD"
,"MURRAY",10787051,,"RUSSELL",0,"14665Q"
,"PODULSKY",10787053,,"STANLEY",0,"0437NQ"
,"SAVILLE",10787057,,"CHARLES",0,"3871AD"
"{9E8CA232-A375-4D34-A41B7E852CCCBCBD}","SAVILLE",10787058,,"BRADLEY",1,"VA7612"
,"SAVILLE",10787059,,"DARRELL",1,"9723Q"
,"BENNETT",10787065,,"DARRELL",0,"VA3216"
,"ENTZ",10787067,,"JACOB (RET)",0,"1712Q"
"{43DE0D6B-CF8C-4B84-85EF9C78A67B5C82}","SERVOLD",10787071,,"IRVIN",1,"VA3263"
"{60C2F35E-81AC-4EEA-BA64879257E44297}","SHUMANSKY",10787073,,"ERNIE",1,"VA6606"
,"STODOLA",10787074,,"TIMOTHY",1,"9072Q"
,"CHYKERDA",10787075,,"COLLIN",1,"28643A"
,"SCHNETLER",10787079,,"JIM",0,"2542Q"
,"SODERGREN",10787081,,"EDWARD",1,"VA6741"
,"COVERDALE",10787083,,"RICHARD",0,"3836AD"
,"SUNTJENS",10787085,,"GEORGE",1,"VA3259"
,"TAKS",10787087,,"LARRY",1,"VA3548"
,"MARSHALL",10787089,,"WALLY",1,"VA5074"
,"MARSHALL",10787090,,"TROY",1,"33716A"
,"TANGEDAL",10787093,,"JEROME",1,"VC6110"
,"TANGEDAL",10787094,"C","JODY",1,"18740"
,"CHRISTENSEN",10787095,,"DEAN",0,"35/846747"
,"THROOP",10787099,,"BEN",1,"VB8467"
,"TIZZARD",10787101,,"DWAIN",0,"VA2100"
,"TIZZARD",10787103,,"KENNETH",1,"10441Q"
,"MEASURES",10787105,,"THOMAS",1,"VB2445"
"{E8140382-C0EB-40AA-AF560E9D07427CFD}","UHRYN",10787117,,"ROBERT",1,"3496AD"
,"UHL",10787133,,"BOB",1,"6824Q"
,"UHL",10787135,,"DAN",1,"8361Q"
,"WANGLER",10787137,,"FLOYD",0,"VA0201"
,"SNYDERS",10787139,,"GERRIT",1,"3503AD"
,"SNYDERS",10787140,,"ALAN",1,"14060Q"
,"GUENTHER",10787164,,"WAYNE",1,"33480A"
,"WEBSTER",10787168,,"MIKE",0,"VA2103"
,"YURKISH",10787170,,"DWAYNE",1,"7770Q"
,"MILLER",10787172,,"DAMUS",1,"VB3651"
,"WILL",10787174,,"MEL",1,"13295Q"
,"SPENCE",10787177,,"KELLY (WILLIAMS RANCH)",0,"10005Q"
,"DONK",10787226,"C","MARK",0,"24409A"
,"RIEDLINGER",10787887,,"RANDY",1,"4564Q"
,"UNKNOWN",10793187,,"DRILLER",0,"2"
,"DRILLER3",10795261,,"UNKNOWN",0,"3"
,"DRILLER4",10795271,,"UNKNOWN",0,"4"
,"LESIUK",10796171,,"ROD",0,"XXXXX"
,"LYPKIE",10797842,,"JOHN (TCAR WW)",0,"3054NQ"
,"SANDERSON",10799088,,"Lloyd",0,"XXXX"
,"NORMAN",10800332,"A.","R.",0,"3469AD"
,"LEASK",10800334,,"WAYNE",1,"2883Q"
,"ENTZ",10811237,,"JACOB",1,"1712Q"
"{46C44F6F-7018-4E33-A21F58549BE86E16}","SCHNETTLER",10811243,,"GORDON",1,"1449A"
,"MEASURES",10811501,,"CLARK",0,"UNKNOWN"
,"BRENDEL",10811512,,"RON",0,"0645"
,"ERICKSON",10811878,,"UNKNOWN",0,"n/a"
,"MCCOLM",10811880,,"ANGUS",1,"UNK"
,"COCKX",10811884,,"DEAN",1,"6262J"
,"HANSON",10811893,,"BILL",1,"3670AD"
,"WILLNESS",10811896,,"KENT",1,"7612Q"
,"KLAASSEN",10811899,,"TIM",1,"24490A"
,"FERRIS",10811900,,"RICK",1,"6953A"
,"BRADSHAW",10811904,"M","DANIEL",1,"3864AD"
,"GODBERSON",10811907,,"GARY",1,"CLASS C"
,"POST",10811920,,"RANDY",1,"VB2770"
,"CHAPPELL",10811940,,"WILLIAM",0,"3642AD"
,"TIZZARD",10811948,,"DAN",1,"VA5701"
,"MCGLADDERY",10812094,,"GARY",0,"3875J"
,"KRIEGER",10812096,,"KEVIN",0,"VB4274"
,"GASS",10812098,"T","NORMAN",0,"3889"
,"YOWNEY",10812102,,"EUGENE",0,"ZZZZ"
,"SCHMIDT (DS HLDG)",10812352,,"DON",0,"3839AD"
,"APPLICABLE",10812488,,"NOT",0,"NANA"
,"TELUS TEST",10819289,"U","TELUS TEST",0,"121269"
,"MENAGE (SCHMIDT LP)",10822160,,"MURRAY",0,"14177A"
,"PARSONS",10822228,,"DEL",0,"XXXXXX"
,"SMITH",10828047,,"DOUG",1,"VB3650"
,"MATTSON",10832531,,"STEVEN",1,"2294A"
,"BIRO",10870797,,"DAN",1,"969989"
,"MEROPOULIS",10870805,,"CODY",1,"89664A"
,"SMITH",10870825,,"RUSSELL",1,"83224A"
,"THOMPSON",10901478,"G.","DENNIS",0,"1832E"
,"PODULSKY",10901486,"H","ROLAND",1,"51442A"
"{9622938B-0A69-48A6-B4CEEC8A2A72C9EE}","HOLLAND",10901491,,"MARK",1,"76129A"
,"BRADY",10901513,"S","MORGAN",1,"49427A"
,"MANDEL",10901523,,"DAVE",1,"61332A"
,"NIEMANS",10901533,,"CHAD",1,"46340A"
,"MUDRYK",10901766,,"LEONARD",1,"28916A"
,"GILBERT",10902741,,"JONATHAN",1,"4708NQ"
,"PATTERSON",10918504,,"SCOTT",1,"2852NQ"
,"LYPKIE",10941276,,"JOHN",1,"3054NQ"
,"RIELAND",10942421,,"BRAD",1,"315770"
,"WIEBE",10942710,,"BILL",0,"1032E"
,"ODEGARD",10943548,,"LEONARD",1,"42243A"
,"ANDERSON",10948728,,"PHIL",0,"1110319"
,"LORENZ",10948867,,"JOHN",0,"XXXXXXX"
,"NORMAN",10948922,,"RUBEN",1,"3469AD"
,"GROSHKO",10952530,,"ALAN",0,"12010Q"
,"NOEL",11028199,,"RON",0,"11667Q"
,"KRETSCHMER",11049556,,"RYAN",0,"xxxxxx"
,"SERGENT",11049563,,"TREVOR",0,"xxxxxx"
"{F6BFED49-FFAB-4E7C-B944E5CCDB995971}","ERB",11049573,,"SHAUN",1,"78082A"
,"TOMBS",11083940,,"CAM",1,"11184A"
,"BJORGAN",11133653,,"JEFF",0,"XXXXX"
,"ROBINSON",11140139,,"SCOTT",1,"77003A"
"{0493F511-7A45-4176-ADEE983868611060}","STOTZ",11140152,,"SHELDON",1,"75520A"
,"DELAWSKI",11141818,,"MICHAEL",1,"76676A"
,"CROWTHER",11153662,,"JAMES",1,"953264"
,"CHALIFOUX",11154608,,"MICHAEL",1,"VB5562"
,"FORRESTER",11163408,"M.","ELLEN",0,"2318"
,"MARTIN",11167712,"J","WILLIAM",1,"14711Q"
,"BRENDEL",11201062,,"RAY",0,"0645"
,"CAMPBELL",11212605,,"CHRIS",1,"35/952200"
,"TOPILKA",11212655,,"J.D.",0,"8888888"
,"MAHAR",11216978,,"VERN",0,"VC1508"
,"SIEBEL",11231814,,"ALLAN",0,"xxxxxxx"
,"MITTMEYER",11231825,,"J.",0,"XXXYYY"
,"DWYER",11231924,,"PAT",1,"Operator"
,"BLAIR",11232051,,"RICHARD",1,"Operator"
,"WIEBE",11232145,,"CAM",1,"005515E"
,"GARRET",11232180,,"KEITH",0,"0732E"
,"MARTINEAU",11241219,,"KYLE",0,"XXXXX"
,"CRAIG",11241320,,"BRAD",1,"11664Q"
,"HENDERSON",11246321,,"GLENN",0,"xxxxxxx"
,"BRADEN",11246709,,"HOWARD",0,"35/959023"
,"GILLIS",11246829,"B","CORY",1,"83060A"
,"HENDERSON",11286245,,"GEORGE",0,"xxxxxxx"
,"HENDERSON",11287352,"J","ALVIN",0,"zzzzzzz"
,"UHRYN",11296159,,"CLIFFORD",1,"7635"
,"GOLKA",11301128,,"CHRIS",0,"000000"
,"CORK",11305372,,"RONALD",1,"VA2925"
,"REZNECHENKO",11305374,,"JOHN",0,"667788"
,"DRILLER5",11305398,,"UNKNOWN",0,"5"
,"SOLIN",11305400,,"O.T.",1,"7788"
,"RISLING",11305408,,"JACK",0,"1201"
,"DRILLER10",11306465,,"UNKNOWN",0,"10"
,"HOPP",11307540,,"DON",0,"VC3592"
,"CONNORS",11307541,,"RICHARD",0,"VA9685"
,"DRILLER6",11307546,,"UNKNOWN",0,"XXXXX"
,"DRILLER7",11307554,,"UNKNOWN",0,"xxxxxxx"
,"DICKAU",11307556,"F","HOWARD",0,"xxxxx"
,"BUTCHER",11307560,,"GARTH",1,"VC0355"
,"DRILLER8",11307561,,"UNKNOWN",0,"zzzzz"
,"MJOLSNESS",11307562,,"S.",0,"zzzzz"
,"KRAMPS",11308295,,"DARCY",1,"36276A"
,"CRANE",11308902,,"MARLOW",0,"xx0365"
,"SNOW",11308904,,"LARRY",0,"XX0501"
,"METRO",11308920,,"DAVID",0,"11254"
,"WEKINS",11308936,,"ALBERT",0,"xx201"
,"JAANS",11308937,,"BEN",0,"xx021"
,"DANKIN",11309882,,"ABE",0,"VB5172"
,"BROWN",11310400,,"H. W.",0,"916***"
,"WANGLER",11311217,,"BOB",0,"XXX042"
,"SUCHY",11311241,,"STEVE",0,"xx7799"
,"SROKA",11312074,,"MEL",1,"0296xxx"
,"KING",11313364,,"JAMES",0,"3433AD"
,"DERM",11313365,,"GERRY",0,"13715Q"
,"HNATIUK",11313366,,"PAUL",0,"2367"
,"SCOTT",11313367,,"H.A.",0,"0543"
,"MCALLISTER",11313383,,"UNKNOWN",0,"XXXXX"
,"SCHAUFELE",11316401,,"PAUL",1,"70602A"
"{7BA3F109-F090-443D-B90FA7842137AD60}","BROWN ",11320988,"M","WILLIAM",1,"VA4906"
,"DELONG",11320990,,"NEIL",1,"74716A"
,"BOGSTIE",11320992,,"STEPHEN",1,"7533A"
,"SERVOLD",11324719,,"MARK",1,"VB4273"
,"BUTZ",11324906,,"CHARLIE",1,"VC6689"
,"MYRAM",11325646,,"CECIL ALLAN",1,"76443A"
,"NOEL",11331616,,"K.",0,"11667Q"
,"FLINN",11331617,"W.","ROBERT",0,"3953AD"
,"MURRAY",11331621,,"SEAN",1,"4245NQ"
,"SWEENEY",11331626,,"KEITH",1,"VA3547"
,"SANDMAIER",11331629,,"GEORGE",0,"VA5165"
,"WIDAIKO",11331632,,"JOEY",1,"32379A"
,"STICKEL",11331635,"W.","GORDON",1,"12011Q"
"{6D1E3CFE-C184-4C48-83FA7173C9DB9753}","SAVILLE",11332455,,"CHASE",1,"75496A"
,"WAREHIME",11333871,,"FRANK",0,"XXX333"
,"DOWNEY",11333889,,"R. J.",0,"684"
,"YURKISH",11342792,,"SHAUN",1,"77758A"
,"PEARSON",11385995,,"RILEY",1,"83061A"
,"BREDY",11385996,,"RICK",1,"11824A"
,"GRABLER",11398159,,"GLAYNE",1,"3435AD"
,"MANNS",11398691,,"JIM",0,"xxxxx"
,"COATES",11413536,,"BOB",1,"CLASS C"
,"SCHMIDT",11430574,,"DARCY ",1,"VA8725"
,"HOLLINGSHEAD",11430883,,"BRYAN",0,"Unknown"
,"CAMERON",11430964,,"PETER",1,"VA2926"
,"SUMMERS",11438492,,"DAVE",1,"5286Q"
,"ELLIOTT",11445331,"R","EUGENE",1,"98765"
,"GROVE",11445355,,"ROBERT",1,"26857A"
,"MAHAR",11447181,,"MATTHEW",1,"11510NQ"
,"SOUTHWORTH",11447430,,"JEFF",1,"84114A"
,"FORRESTER",11447432,,"ROY",0,"77654"
"{956B33A5-9F74-4D03-982D92159126CB5B}","HAMEL",11495851,,"COREY",1,"77419A"
,"PARSONS",11543256,,"CORY",1,"82047A"
"{E68FA92F-7434-468C-B02A9B1EA9808CF6}","BLAIR",11547426,,"LEONARD",1,"VA3129"
,"WAREHIME",11548705,,"J.W.",0,"xxxaaa"
,"WOLFORD",11560389,,"SIMON",1,"1109E"
,"HAGER",11571009,,"FRED",0,"UNKN"
,"BENN",11571321,,"W",0,"NA11"
,"KYNOCH",11571417,,"FRED",0,"35/456654"
,"BEAL",11576182,,"TREVOR",1,"95090A"
,"WAGNER",11576192,,"RORY",1,"14061Q"
"{1170E2B5-20E7-4A3C-88EDB3B87816B1AC}","MORTON",11576390,,"DUSTIN",1,"62213A"
,"DRILLER11",11577398,,"UNKNOWN",1,"11"
,"VANDERLEEST",11603161,,"KARL",1,"13074NQ"
,"JONES",11605410,,"RON",0,"XXXXXXX"
,"MILLER",11605411,,"KEVIN",0,"XXXXXX"
"{E233AD56-C6FD-4BBF-8D5BB92F8CEC6C44}","SCHMIDT",11607649,,"MICHAEL",1,"90316A"
,"ROBERTSON",11607730,,"DAVE",1,"VA3484"
"{5D85A282-90E4-4CE8-BDE2C1C570786F05}","BUELOW",11630904,,"PHILLIP",1,"92071A"
"{839A8286-F222-4B54-933EF04A805D1066}","MEYER",11630911,,"KEVIN",1,"10003Q"
,"MATLOCK",11630989,,"GARY",0,"xxxxx"
,"KOTCH",11630991,,"DALE",1,"VB4424"
,"BLACKBURN ",11630994,,"CYRIL",1,"54989A"
,"BRATLAND",11630995,,"ROSS",0,"VC6742"
,"LEWIS",11630999,,"MAURICE",0,"0246"
,"HODGINS",11633916,,"BRAD",0,"xxxxxxx"
,"TAYLOR",11646044,"L","JESSICA",1,"101865A"
,"WILLIAMS",11650846,,"WAYNE",1,"15507A"
,"VANDERLEEST (TREO)",11671536,,"KARL",0,"13074NQ"
,"SANDMAIER",11671987,,"KEVIN",0,"13384NQ"
,"MENAGE",11672787,,"MURRAY",1,"14177A"
,"SLOAN",11683070,,"JEREMY",1,"xxxxxxx"
,"WAREHIME",11683104,,"WES",0,"XX1814"
,"MCAULEY",11683135,,"UNKNOWN",0,"xxxxxxx"
,"GROVE",11683143,,"UNKNOWN",0,"XXXQQQ"
,"MCAULEY",11683144,,"MALCOLM",1,"4121AD"
,"DRILLER (MICHELE)",11683240,,"UNKNOWN",0,"XXX654"
,"DRILLER (BUFFALO)",11683242,,"UNKNOWN",0,"00654"
,"STEINKE",11684382,,"ALFRED",1,"40861A"
,"RUSSELL",12000001,,"POLLITT",0,"101855A"
,"POLLITT",12000002,,"RUSSELL",1,"101855A"
,"MCALLISTER",12000003,,"DEAN",0,"3463AD"
"{BDFB7D74-F720-4DB4-9595F4F9C18425E4}","WEGENER",12000004,,"LAINE",1,"35/997504"
,"MANNING",12000005,,"RYAN",1,"100280A"
,"GALANOS",12000006,,"TREVOR",1,"35-79176"
,"JORDAN",12000007,,"JARREN",1,"35/990224"
,"SHERIDAN",12000008,,"TYLER",1,"121165A"
,"SAVILLE",12000009,,"CHANCE",1,"177603A"
,"BARLING",12000010,,"CHRIS",1,"96360A"
,"MUNRO",12000011,,"DUSTIN",1,"35/826016"
,"QUINLAN",12000012,,"CHRIS",1,"48135A"
,"STAPLES",12000013,,"MARK",0,"35/1001318"
,"KOTCH",12000014,"M","DAVID",1,"VC1569"
,"WIPF",12000015,,"STEPHEN",1,"165564A"
,"STUART",12000016,,"GARY",1,"VC7521"
,"TOWNSHEND",12000017,,"ROBERT",1,"122494A"
,"FLINN",12000018,,"ROBERT",1,"3953AD"
"{DD61D83D-7FBF-4482-8559920D706E2D43}","VANDERHOEK",12000020,,"CHAD",1,"201883A"
,"BROWN",12000021,,"KENNETH",1,"AC4286"
,"KLATT",12000022,,"MARTIN",1,"137375A"
,"VAN STEENBERGEN",12000023,,"MIKE",1,"EMPLOYEE"
,"MCNALLEY",12000024,,"BOB",1,"115252A"
,"PARSONS",12000025,,"CORY",0,"82047A"
,"ZEMLAK",12000026,"W","CARL",1,"103305A"
,"NEIGUM",12000027,,"HARVEY",1,"Operator"
,"JOHNSON",12000028,,"GREG",1,"104567A"
,"STEINKE",12000029,,"LANCE",1,"121599A"
,"MCCANN",12000030,,"JEFFREY",1,"148958A"
,"AKERS",12000031,,"JUSTIN",1,"131964A"
,"BRADSHAW",12000032,,"DENNIS",1,"VB9880"
,"BRIGGS",12000033,,"PONI (JOHN)",1,"122088A"
,"MACINTOSH",12000034,,"CHANCE",1,"91907A"
,"MARTIN",12000035,,"ANDY",1,"122087A"
,"MELNYK",12000036,,"KYLA",0,"167468A"
,"MCGINNIS",12000037,,"MURREY",1,"VA3320"
,"MCGINNIS",12000038,,"GERALD",1,"VA4023"
,"MORRILL",12000039,,"KYLE",1,"35/1011516"
,"KELNDORFER",12000040,,"COLTON",1,"35/1011343"
,"CARA",12000041,"L","SCHMIDT",0,"35/996712"
,"CARA",12000042,"L","SCHMIDT",0,"35/996712"
,"RISKE",12000043,"L","CARA",1,"123238A"
,"BLAND",12000044,,"MACKAE",1,"123871A"
,"STEINKE",12000045,,"LANCE",0,"121599A"
,"ZOLMER",12000046,"W","TODD",0,"35/967257"
,"METRUNEC",12000047,,"GREGORY",1,"35/832294"
,"JOHNSON",12000048,"F","WADE",1,"21000A"
,"SEWELL",12000049,,"BRIAN",1,"123691A"
,"POST",12000050,,"CHRIS",0,"35/999751"
,"BOMBARDIER",12000051,,"MICHAEL",1,"014675NQ"
,"HUNZIKER",12000052,"W","JUERG",1,"47403A"
"{3D38A938-2FC7-4EBF-ADE1D5963456D2D1}","HARTL",12000053,"M","JOE",1,"121442A"
,"THIBODEAU",12000054,,"PIERRE",1,"126969A"
,"LARSON",12000055,,"NEIL",1,"76130A"
,"PHILLIPS",12000056,,"MICHAEL",1,"136572A"
,"O'KEEFE",12000057,,"MILES",1,"145068A"
,"FRIESEN",12000058,,"MICHAEL",1,"1986E"
,"HILLS",12000059,,"RANDY",1,"108851A"
,"GLUCHOWSKI",12000060,,"PETER",1,"35/812775"
,"TIZZARD",12000061,,"JO-ANNE",1,"117158A"
,"SOVDI",12000062,,"TERRY",1,"00001-WW-10"
,"JORDAN",12000063,,"JARREN",0,"N/A"
,"BUTLER",12000064,,"ROBERT",1,"35/894950"
,"BABCOCK",12000065,,"JARED",1,"87385A"
,"MOSE",12000066,"C","DUSTIN",1,"1018277"
,"SKINNER",12000067,,"NICHOLAS",1,"1025515"
,"KLATT",12000068,"P","DALE",1,"137376A"
,"WINCHESTER",12000069,,"MATTHEW",1,"35/996162"
,"SCHMUTZ",12000070,,"NATHAN",1,"APPR1043612"
,"LEPPER",12000071,,"JUSTIN",1,"139421A"
,"GRIMARD",12000072,,"JACOB (JAKE)",1,"110219A"
,"YOUNG",12000073,,"JOHN",1,"152877A"
,"PAWCHUK",12000074,,"KURIAKOS",1,"1033136"
,"VAN WOLDE",12000075,,"RYAN",1,"03/974170"
,"GAUCHIER",12000076,,"RUSSEL",1,"1025517"
,"ESPINOSA",12000077,,"CARLOS",1,"1025520"
,"PANKEWICZ",12000078,,"BRADLEY",1,"9071Q"
,"SEELY",12000079,"D","JAY",1,"139627A"
,"KASSIAN",12000080,,"DAVID",1,"136320A"
,"RISLING",12000081,,"TERRY",1,"93377Q"
,"CRONIN",12000082,,"RICHARD",1,"00001-WW13"
,"SCHMALZBAUER",12000083,,"DYLAN",1,"144853A"
,"BLAIR",12000084,,"ZACH",1,"APPR1031361"
,"WALTER",12000085,,"TYLER",1,"187905A"
,"FRANCOIS",12000086,,"HUGH",1,"1022398"
,"KERNICK",12000088,,"FRANK",1,"Operator"
,"WANGLER",12000089,,"DARRELL",1,"94-00862"
,"MCCANN",12000090,,"MICHAEL",1,"152221A"
,"PHILLIPS",12000091,,"GEORGE",1,"APPR1080479"
,"WILLIAMS",12000092,,"ANTHONY",1,"1080483"
,"LORUSSO",12000093,,"ROBERTO",1,"APPR1093217"
,"LEPPER",12000094,,"JORDAN",1,"157475A"
,"LUBARSKY",12000095,,"BARRY",1,"188704A"
,"BENTLEY",12000096,,"ANDRE",1,"00002-WW-10"
,"REINA",12000097,,"JESSICA",1,"101865A"
,"DRILLER",12000098,,"IDEAL ",1,"XX1234"
,"MARTEL",12000099,,"TY",1,"APPR1113244"
,"LECOCQ",12000100,,"RYAN",1,"903173"
,"HELFRICH",12000101,,"BRAYDON",1,"177297A"
"{CEA4D29D-4F1F-4DEA-83195599333DB3DB}","MCALLISTER",12000102,,"IAN",1,"156537A"
,"MATTHEW",12000103,,"MCALLISTER",1,"156492A"
,"COOKE",12000104,,"HUNTER",1,"APPR1107904"
"{C9133671-18B8-403E-8A589CA4202E203A}","MCALLISTER",12000105,,"DERRICK",1,"1020930"
,"MCALLISTER",12000106,,"MATTHEW",1,"156492A"
,"DELANEY",12000107,,"JEFFERY ",1,"1050794"
,"ABANDONMENT",12000108,,"ALKEN",1,"2"
,"LUTZ",12000109,,"LEE",1,"142187"
,"SCHNETTLER",12000110,,"ANTHONY",1,"1125612"
,"MONCRIEFF",12000111,,"JASON",1,"165187-A"
,"DENBOER",12000112,,"MATTHEW",1,"1111760"
,"CORRIGAN",12000113,,"NICK",1,"180762A"
,"RIEDLINGER",12000114,"D","WILLIAM",1,"3475AD"
,"HAYNES",12000116,,"BRUCE ",1,"00001-WW15"
,"GREGORY",12000117,,"CHRIS",1,"023769NQ"
,"BERGER",12000118,,"ARNE ",1,
,"ALSIP",12000119,,"WARREN ",1,"OPERATOR "
"{54A71B44-05BD-4C7C-8FDCF803A701511D}","STANICK",12000120,,"TYLER",1,"APPR1012687"
,"WIPF",12000121,"J","ERNEST ",1,"175706A"
,"TYLKE",12000122,,"SHAWN",1,"180902A"
,"TURNBULL",12000123,,"KYLE",1,"204519A"
,"SHERGOLD",12000124,,"NICK",1,"175704A"
,"BOVENCAMP",12000125,,"KEVIN",1,"APPR1052431"
,"BROWN",12000126,,"RICHARD",1,"35/881447"
,"LAVOIE",12000127,,"CRAIG",1,"187897A"
,"MCEWEN",12000128,,"BERT",0,"1082820"
,"ROSENTHAL",12000129,,"TREVOR",1,"APPR812388"
,"WIEBE ",12000130,,"WILLIAM ",1,"024545NQ"
,"POWER",12000131,,"TIM",1,"1117897"
,"FUREY",12000132,,"GLEN",1,"BC0003-WW-16"
,"EVERETT",12000133,"W","RICHARD",1,"APPR1036403"
,"HAAG",12000134,,"GORDON",1,"APPR1137277"
,"WILSON",12000136,,"JORDAN ",1,"APPR1139776"
"{6183A5BF-0C88-4AD1-B26572D39735D42B}","GILES",12000137,,"NATHAN",1,"1146451"
,"MYRAM",12000138,,"TONY",1,"202242A"
,"BIEBER",12000139,,"KEN",1,
,"WYNN",12000140,,"CRAIG",1,"BC00005-WW-16"
,"ABANDONMENT",12000141,,"ALTAIR",1,
,"ZEMLAK",12000142,,"CAYDEN",1,"APPR1146410"
,"JAIME ",12000143,,"GUILLERMO",1,"185659A"
,"EHALT",12000144,,"KELDON",1,"SK122177"
,"CARON",12000145,,"DONKUN ",1,"BC00001-WW-17"
"{929BA79A-E2FF-42CB-B9322C10BCE52B5C}","MOORE",12000146,,"MICHAEL",1,"187990A"
"{D76A1908-ED99-4170-97969BAE213F1F39}","WILLIAMS",12000147,"R","CLAYTON",1,"191059A"
,"MCGINN",12000148,,"DANIEL ",1,"182971A"
,"PLATZ",12000149,,"LARRY",1,"2317Q"
,"LOFTUS",12000150,,"MARK",1,"025645NQ"
"{BE9FE3C2-DFF8-46C3-BB85FEFADCF62818}","KINCH",12000151,,"SHANE",1,"196505A"
"{EDFF296C-C41D-4561-9B8C86587DE80F1F}","UHL",12000152,,"CLINTON",1,"022602NQ"
"{D3F7B5AE-69CA-4B67-A70567AB4FF1A89A}","HAGEL",12000154,,"BRODY",1,"BC00001-WW-18"
"{2D4A54F3-3694-4DB6-81F42F08F188AB25}","GRIFFITH",12000155,,"ROYDEN",0,"1234"
,"RANDALL",12000156,,"MATTHEW",1,"201532A"
,"PERROTT",12000157,,"GRANT",1,"17370A"
,"BLADES",12000158,,"JUSTIN",1,"CLASS B"
,"PENROD",12000159,,"BILL",1,"0310"
,"TANNER",12000160,,"NEIL",1,"BC00021-WW-00"
,"PERRY",12000161,,"WALTER ",1,"BC00022-WW-87"
,"DESJARLAIS",12000162,,"SCOTT",1,"APPR1172833"
"{EE5E2E4A-5E5D-4F31-8042B51A167C8CED}","VANDERVALK",12000163,,"GERALD",1,
,"PREACHUK",12000164,,"STEVEN",1,
,"WILTON",12000165,,"KURTIS",1,"APPR1000897 "
,"REGULA",12000166,,"BRANDON",1,"APPR116439"
,"SCHMIDT",12000167,,"TYSON",1,"210493A"
,"PROWSE",12000168,,"RANDY",1,
,"ROES",12000169,,"SHELDON",1,
,"ANDERSON",12000170,,"PHILLIP",1,"178972A"
,"GRENWICH",12000171,,"CARLIN",1,"210432A"
,"ST.PIERRE",12000172,,"BRIAN",1,
,"LOREE",12000173,,"RANDLE (MAC)",1,"APPR1180616"
,"BLAKEMAN",12000174,,"JOE ",1,"3230A"
,"LAKEVOLD",12000175,,"STACEY ",1,"109373A"
,"MONTGOMERY",12000176,,"PATRICK",1,"217272A"
,"KASHUBA",12000177,,"BRADY",1,"APPR1005842"
,"BARTON",12000178,,"ETHAN",1,"APPR1041643"
,"MICKASKO",12000179,,"DERICK",1,"APPR887528"
,"HUNT",12000180,,"DARCY",1,"APPR804829"
,"MCLEAN",12000181,,"DEREK",1,"APPR1172539"
,"WILLIAMS",12000182,,"WAYNE (MARC)",1,"APPR951276"
,"TRAVIS",12000183,,"JASON",1,"242590NQ"
,"WEEKS",12000184,,"WILLIAM",1,
,"MACK",12000185,,"JOSEPH",1,
,"ZIEMAN",12000186,,"DUSTIN",1,"028843NQ"
,"MCAULEY",12000187,,"DON",1,"3466"
,"POSTI",12000188,,"JAMES",1,"3876AD"
,"DYCK",12000189,,"LARRY",1,"VA4930"
,"FEIST",12000190,,"PATRICK",1,"APPR1199336"
,"JOHNSON",12000191,,"RYAN",1,
,"MARTIN",12000192,,"WILLIAM J.",1,"14711Q"
,"THIESSEN",12000193,,"DARRYLE",1,
,"PAWLOWICH",12000194,,"NICHOLAS",1,"APPR1216944"
,"BARROS",12000195,,"JACKSON",1,"APPR1165302"
,"SCHLECKER",12000196,,"GABE",1,"APPR1171289"
,"KRISTIANSEN",12000197,,"BJORN",1,"APPR1214556"
,"FEIST",12000198,,"LYNDON",1,"245605NQ"
,"YOUNG",12000199,,"RYAN",1,"APPR1124110"
,"ASHBURN",12000200,,"HUNTER",1,"APPR1220975"
,"MURRAY",12000201,,"HENRY",1,"APPR1214802"
,"MYRAM",12000202,,"RYKER",1,"APPR1215376"
,"WAGNER",12000203,,"DALE",1,"APPR1217502"
,"HAYNES",12000204,,"TYLER",1,"258292A"
,"RICE",12000205,,"COOPER",1,"APPR1202967"
,"SHANKS",12000206,,"JASON",1,
,"JENSEN",12000207,,"CAMERON",1,
,"KOHN",12000208,,"EMERSON",1,
,"BAKER",12000209,,"BILLY",1,
,"GANTZEL",12000210,,"DENNIS",1,
,"BECK",12000211,,"JERMONE",1,
,"LACHANCE",12000212,,"PAT",1,
,"MALEY",12000213,,"WESTLEY",1,"SK101716"
,"REGNER",12000214,,"DONOVAN",1,"APPR1209440"
,"PARSONS",12000215,,"DYLAN",1,"APPR1227908"
,"BORLE",12000216,,"HAYDEN",1,"APPR1210480"
,"ANDREWS",12000217,,"JEREMEY",1,"APPR1003960"
,"MITCHELL",12000218,,"COLTAN",1,"APPR1136510"
,"ANDERSON",12000219,,"RYAN",1,"APPR1228882"
,"MANNS",12000220,,"JOHN",1,"APPR1231328"
,"BAIN",12000221,,"CODY",1,"00002-WW-22"
,"MURRAY",12000222,,"VINCE",1,"240686NQ"
,"NIEMANS",12000223,,"TROY",1,
,"REYNOLDS",12000224,,"JOSHUA",1,"APPR1268785"
,"CULSHAW",12000225,,"WILLIAM",1,"APPR1184644"
,"CRAIG",12000226,,"SHANELLE",1,"APPR1242630"
,"SCHMIDT",12000227,,"KEVIN",1,
