Element_ID,Element_Name,Element_Symbol,Decimal_Places
1,"Total Dissolved Solids","TDS",4
2,"Field pH measurement","F_PH",2
3,"Field Electrical Conductivity measurement","F_EC",0
4,"Field Reduction Potential","F_EH",0
5,"Field Iron content","F_FE",4
6,"Field Sulphur content","F_S",4
7,"Field Dissolved Oxygen","F_DO",4
8,"Field Total Alkalinity","F_TA",0
9,"Field Manganese content","F_MN",4
10,"Field Total Hardness","F_TH",0
11,"Field Bicarbonate content","F_HCO3",4
12,"Field Carbonate content","F_CO3",4
13,"Field Sulfate content","F_SO4",4
14,"Field Chloride content","F_CL",4
15,"Hydrocarbons","HYDRO",4
16,"Pesticides","PEST",4
17,"Phenolics","PHEN",4
18,"pH ","PH",2
19,"Electrical Conductivity","EC",0
20,"Sodium Adsorption ratio","SAR",4
21,"Dissolved Inorganic Compounds","DIC",4
22,"Total Nitrogen","TN",4
23,"Ion Balance","IONBAL",4
24,"Total Hardness","TH",4
25,"Calcium","CA",4
26,"Magnesium","MG",4
27,"Potassium","K",4
28,"Ammonium","NH4",4
29,"Sodium  ","NA",4
30,"Nitrite","NO2",4
31,"Nitrate","NO3",4
32,"Chloride","CL",4
33,"Sulphate","SO4",4
34,"Carbonate","CO3",4
35,"Bicarbonate","HCO3",4
36,"Total Alkalinity","TA",4
37,"Fluoride","F",4
38,"Hydroxide","OH",4
39,"Silica","SIO2",4
40,"Phosphate","PO4",4
41,"Nitrate plus Nitrite","NO2_NO3_N",4
42,"total Kjeldahl nitrogen","TKN",4
43,"Total Phosphorus","TP",4
44,"Chemical Oxygen Demand","COD",4
45,"Total Carbon","TC",4
46,"Total Organic Carbon","TOC",4
47,"Aluminum","AL",4
48,"Beryllium","BE",4
49,"Selenium","SE",4
50,"Iron","FE",4
51,"Manganese","MN",4
52,"Copper","CU",4
53,"Lead","PB",4
54,"Zinc","ZN",4
55,"Arsenic","AS",4
56,"Barium","BA",4
57,"Cadmium","CD",4
58,"Molybdenum","MO",4
59,"Chromium","CR",4
60,"Cobalt","CO",4
61,"Mercury","HG",4
62,"Nickel","NI",4
63,"Strontium","SR",4
64,"Vanadium","V",4
65,"Field Temperature","F_Temp",2
